Year,Date,Rotation,Treatment,Block,Plot ID,Rep,Leafhopper,LH split split aver. ,LH per sweep
2014,6/6/2014,Manure,BM,1,W 123,1,N/A,N/A,0.1
2014,6/6/2014,Manure,BM,1,W 124,1,N/A,N/A,0.2
2014,6/6/2014,Manure,BM,3,E 313,1,N/A,N/A,0.25
2014,6/6/2014,Manure,BM,3,E 314,1,N/A,N/A,0.1
2014,6/6/2014,Manure,BM,2,W 233,1,N/A,N/A,0
2014,6/6/2014,Manure,BM,2,W 234,1,N/A,N/A,0
2014,6/6/2014,Manure,BM,4,W 521,1,N/A,N/A,0
2014,6/6/2014,Manure,BM,4,W 522,1,N/A,N/A,0
2014,6/6/2014,Manure,BM,1,E 211,1,N/A,N/A,0
2014,6/6/2014,Manure,BM,1,E 212,1,N/A,N/A,0
2014,6/6/2014,Manure,BM,2,E 363,1,N/A,N/A,0
2014,6/6/2014,Manure,BM,2,E 364,1,N/A,N/A,0
2014,6/6/2014,Manure,IM,3,W 411,1,N/A,N/A,0.3
2014,6/6/2014,Manure,IM,3,W 412,1,N/A,N/A,0.6
2014,6/6/2014,Manure,IM,4,E 331,1,N/A,N/A,0.5
2014,6/6/2014,Manure,IM,4,E 332,1,N/A,N/A,0.7
2014,6/20/2014,Manure,BM,1,W 123,1,N/A,N/A,1.3
2014,6/20/2014,Manure,BM,1,W 124,1,N/A,N/A,1.6
2014,6/20/2014,Manure,BM,3,E 313,1,N/A,N/A,1.3
2014,6/20/2014,Manure,BM,3,E 314,1,N/A,N/A,1.4
2014,6/20/2014,Manure,BM,2,W 233,1,N/A,N/A,2
2014,6/20/2014,Manure,BM,2,W 234,1,N/A,N/A,1.3
2014,6/20/2014,Manure,BM,4,W 521,1,N/A,N/A,1.5
2014,6/20/2014,Manure,BM,4,W 522,1,N/A,N/A,1.6
2014,6/20/2014,Manure,BM,1,E 211,1,N/A,N/A,1.3
2014,6/20/2014,Manure,BM,1,E 212,1,N/A,N/A,1.2
2014,6/20/2014,Manure,BM,2,E 363,1,N/A,N/A,1.4
2014,6/20/2014,Manure,BM,2,E 364,1,N/A,N/A,0.9
2014,6/20/2014,Manure,IM,3,W 411,1,N/A,N/A,2.2
2014,6/20/2014,Manure,IM,3,W 412,1,N/A,N/A,1.4
2014,6/20/2014,Manure,IM,4,E 331,1,N/A,N/A,1.5
2014,6/20/2014,Manure,IM,4,E 332,1,N/A,N/A,1.2
2014,7/3/2014,Manure,BM,1,W 123,1,N/A,N/A,0.1
2014,7/3/2014,Manure,BM,1,W 124,1,N/A,N/A,0.3
2014,7/3/2014,Manure,BM,3,E 313,1,N/A,N/A,0.2
2014,7/3/2014,Manure,BM,3,E 314,1,N/A,N/A,0.35
2014,7/3/2014,Manure,BM,2,W 233,1,N/A,N/A,0
2014,7/3/2014,Manure,BM,2,W 234,1,N/A,N/A,0
2014,7/3/2014,Manure,BM,4,W 521,1,N/A,N/A,0
2014,7/3/2014,Manure,BM,4,W 522,1,N/A,N/A,0
2014,7/3/2014,Manure,BM,1,E 211,1,N/A,N/A,0
2014,7/3/2014,Manure,BM,1,E 212,1,N/A,N/A,0
2014,7/3/2014,Manure,BM,2,E 363,1,N/A,N/A,0
2014,7/3/2014,Manure,BM,2,E 364,1,N/A,N/A,0
2014,7/3/2014,Manure,IM,3,W 411,1,N/A,N/A,0.3
2014,7/3/2014,Manure,IM,3,W 412,1,N/A,N/A,0.3
2014,7/3/2014,Manure,IM,4,E 331,1,N/A,N/A,0.2
2014,7/3/2014,Manure,IM,4,E 332,1,N/A,N/A,0.1
2014,7/10/2014,Manure,BM,1,W 123,1,N/A,N/A,0.4
2014,7/10/2014,Manure,BM,1,W 124,1,N/A,N/A,0.6
2014,7/10/2014,Manure,BM,3,E 313,1,N/A,N/A,0.35
2014,7/10/2014,Manure,BM,3,E 314,1,N/A,N/A,0.35
2014,7/10/2014,Manure,BM,2,W 233,1,N/A,N/A,0
2014,7/10/2014,Manure,BM,2,W 234,1,N/A,N/A,0
2014,7/10/2014,Manure,BM,4,W 521,1,N/A,N/A,0.1
2014,7/10/2014,Manure,BM,4,W 522,1,N/A,N/A,0
2014,7/10/2014,Manure,BM,1,E 211,1,N/A,N/A,0
2014,7/10/2014,Manure,BM,1,E 212,1,N/A,N/A,0
2014,7/10/2014,Manure,BM,2,E 363,1,N/A,N/A,0
2014,7/10/2014,Manure,BM,2,E 364,1,N/A,N/A,0
2014,7/10/2014,Manure,IM,3,W 411,1,N/A,N/A,0.6
2014,7/10/2014,Manure,IM,3,W 412,1,N/A,N/A,0.6
2014,7/10/2014,Manure,IM,4,E 331,1,N/A,N/A,0.2
2014,7/10/2014,Manure,IM,4,E 332,1,N/A,N/A,0.4
2014,7/18/2014,Manure,BM,1,W 123,1,N/A,N/A,0.5
2014,7/18/2014,Manure,BM,1,W 124,1,N/A,N/A,0.8
2014,7/18/2014,Manure,BM,3,E 313,1,N/A,N/A,0.35
2014,7/18/2014,Manure,BM,3,E 314,1,N/A,N/A,0.45
2014,7/18/2014,Manure,BM,2,W 233,1,N/A,N/A,0.25
2014,7/18/2014,Manure,BM,2,W 234,1,N/A,N/A,0.35
2014,7/18/2014,Manure,BM,4,W 521,1,N/A,N/A,0.65
2014,7/18/2014,Manure,BM,4,W 522,1,N/A,N/A,0.6
2014,7/18/2014,Manure,BM,1,E 211,1,N/A,N/A,0.55
2014,7/18/2014,Manure,BM,1,E 212,1,N/A,N/A,0.2
2014,7/18/2014,Manure,BM,2,E 363,1,N/A,N/A,0.15
2014,7/18/2014,Manure,BM,2,E 364,1,N/A,N/A,0.15
2014,7/18/2014,Manure,IM,3,W 411,1,N/A,N/A,0.8
2014,7/18/2014,Manure,IM,3,W 412,1,N/A,N/A,0.5
2014,7/18/2014,Manure,IM,4,E 331,1,N/A,N/A,0.8
2014,7/18/2014,Manure,IM,4,E 332,1,N/A,N/A,0.5
2014,7/23/2014,Manure,BM,1,W 123,1,N/A,N/A,0.5
2014,7/23/2014,Manure,BM,1,W 124,1,N/A,N/A,0.8
2014,7/23/2014,Manure,BM,3,E 313,1,N/A,N/A,0.35
2014,7/23/2014,Manure,BM,3,E 314,1,N/A,N/A,0.45
2014,7/23/2014,Manure,BM,2,W 233,1,N/A,N/A,0.25
2014,7/23/2014,Manure,BM,2,W 234,1,N/A,N/A,0.35
2014,7/23/2014,Manure,BM,4,W 521,1,N/A,N/A,0.65
2014,7/23/2014,Manure,BM,4,W 522,1,N/A,N/A,0.6
2014,7/23/2014,Manure,BM,1,E 211,1,N/A,N/A,0.55
2014,7/23/2014,Manure,BM,1,E 212,1,N/A,N/A,0.2
2014,7/23/2014,Manure,BM,2,E 363,1,N/A,N/A,0.15
2014,7/23/2014,Manure,BM,2,E 364,1,N/A,N/A,0.15
2014,7/23/2014,Manure,IM,3,W 411,1,N/A,N/A,0.8
2014,7/23/2014,Manure,IM,3,W 412,1,N/A,N/A,0.5
2014,7/23/2014,Manure,IM,4,E 331,1,N/A,N/A,0.8
2014,7/23/2014,Manure,IM,4,E 332,1,N/A,N/A,0.5
2014,8/1/2014,Manure,BM,1,W 123,1,N/A,N/A,1.7
2014,8/1/2014,Manure,BM,1,W 124,1,N/A,N/A,2.4
2014,8/1/2014,Manure,BM,3,E 313,1,N/A,N/A,2.35
2014,8/1/2014,Manure,BM,3,E 314,1,N/A,N/A,1.5
2014,8/1/2014,Manure,BM,2,W 233,1,N/A,N/A,0.75
2014,8/1/2014,Manure,BM,2,W 234,1,N/A,N/A,0.55
2014,8/1/2014,Manure,BM,4,W 521,1,N/A,N/A,1.1
2014,8/1/2014,Manure,BM,4,W 522,1,N/A,N/A,1.1
2014,8/1/2014,Manure,BM,1,E 211,1,N/A,N/A,0.5
2014,8/1/2014,Manure,BM,1,E 212,1,N/A,N/A,0.5
2014,8/1/2014,Manure,BM,2,E 363,1,N/A,N/A,0.7
2014,8/1/2014,Manure,BM,2,E 364,1,N/A,N/A,0.4
2014,8/1/2014,Manure,IM,3,W 411,1,N/A,N/A,2.7
2014,8/1/2014,Manure,IM,3,W 412,1,N/A,N/A,2.4
2014,8/1/2014,Manure,IM,4,E 331,1,N/A,N/A,2.1
2014,8/1/2014,Manure,IM,4,E 332,1,N/A,N/A,1.6
2014,8/15/2014,Manure,BM,1,W 123,1,N/A,N/A,0.1
2014,8/15/2014,Manure,BM,1,W 124,1,N/A,N/A,0.4
2014,8/15/2014,Manure,BM,3,E 313,1,N/A,N/A,0
2014,8/15/2014,Manure,BM,3,E 314,1,N/A,N/A,0.05
2014,8/15/2014,Manure,BM,2,W 233,1,N/A,N/A,0
2014,8/15/2014,Manure,BM,2,W 234,1,N/A,N/A,0.1
2014,8/15/2014,Manure,BM,4,W 521,1,N/A,N/A,0
2014,8/15/2014,Manure,BM,4,W 522,1,N/A,N/A,0.1
2014,8/15/2014,Manure,BM,1,E 211,1,N/A,N/A,0.15
2014,8/15/2014,Manure,BM,1,E 212,1,N/A,N/A,0.1
2014,8/15/2014,Manure,BM,2,E 363,1,N/A,N/A,0.1
2014,8/15/2014,Manure,BM,2,E 364,1,N/A,N/A,0.05
2014,8/15/2014,Manure,IM,3,W 411,1,N/A,N/A,0.2
2014,8/15/2014,Manure,IM,3,W 412,1,N/A,N/A,0.1
2014,8/15/2014,Manure,IM,4,E 331,1,N/A,N/A,0.1
2014,8/15/2014,Manure,IM,4,E 332,1,N/A,N/A,0.2
2014,8/29/2014,Manure,BM,1,W 123,1,N/A,N/A,0
2014,8/29/2014,Manure,BM,1,W 124,1,N/A,N/A,0.1
2014,8/29/2014,Manure,BM,3,E 313,1,N/A,N/A,0
2014,8/29/2014,Manure,BM,3,E 314,1,N/A,N/A,0.05
2014,8/29/2014,Manure,BM,2,W 233,1,N/A,N/A,0
2014,8/29/2014,Manure,BM,2,W 234,1,N/A,N/A,0.1
2014,8/29/2014,Manure,BM,4,W 521,1,N/A,N/A,0.1
2014,8/29/2014,Manure,BM,4,W 522,1,N/A,N/A,0.15
2014,8/29/2014,Manure,BM,1,E 211,1,N/A,N/A,0.1
2014,8/29/2014,Manure,BM,1,E 212,1,N/A,N/A,0
2014,8/29/2014,Manure,BM,2,E 363,1,N/A,N/A,0
2014,8/29/2014,Manure,BM,2,E 364,1,N/A,N/A,0
2014,8/29/2014,Manure,IM,3,W 411,1,N/A,N/A,0
2014,8/29/2014,Manure,IM,3,W 412,1,N/A,N/A,0
2014,8/29/2014,Manure,IM,4,E 331,1,N/A,N/A,0
2014,8/29/2014,Manure,IM,4,E 332,1,N/A,N/A,0
2015,6/5/2015,Manure,BM,1,W223,1,N/A,N/A,0
2015,6/5/2015,Manure,BM,1,W224,1,N/A,N/A,0
2015,6/5/2015,Manure,BM,2,W311,1,N/A,N/A,0
2015,6/5/2015,Manure,BM,2,W312,1,N/A,N/A,0
2015,6/5/2015,Manure,BM,3,W661,1,N/A,N/A,0
2015,6/5/2015,Manure,BM,3,W662,1,N/A,N/A,0
2015,6/5/2015,Manure,BM,4,E343,1,N/A,N/A,0
2015,6/5/2015,Manure,BM,4,E344,1,N/A,N/A,0
2015,6/5/2015,Manure,BM,1,W123,1,N/A,N/A,0
2015,6/5/2015,Manure,BM,1,W124,1,N/A,N/A,0
2015,6/5/2015,Manure,BM,2,W413,1,N/A,N/A,0
2015,6/5/2015,Manure,BM,2,W414,1,N/A,N/A,0
2015,6/5/2015,Manure,BM,3,E313,1,N/A,N/A,0
2015,6/5/2015,Manure,BM,3,E314,1,N/A,N/A,0
2015,6/5/2015,Manure,BM,4,E333,1,N/A,N/A,0
2015,6/5/2015,Manure,BM,4,E334,1,N/A,N/A,0
2015,6/5/2015,Manure,IM,1,W221,1,N/A,N/A,0
2015,6/5/2015,Manure,IM,1,W222,1,N/A,N/A,0
2015,6/5/2015,Manure,IM,2,W313,1,N/A,N/A,0
2015,6/5/2015,Manure,IM,2,W314,1,N/A,N/A,0
2015,6/5/2015,Manure,IM,3,W663,1,N/A,N/A,0
2015,6/5/2015,Manure,IM,3,W664,1,N/A,N/A,0
2015,6/5/2015,Manure,IM,4,E341,1,N/A,N/A,0
2015,6/5/2015,Manure,IM,4,E342,1,N/A,N/A,0
2015,6/5/2015,Manure,IM,1,W121,1,N/A,N/A,0
2015,6/5/2015,Manure,IM,1,W122,1,N/A,N/A,0
2015,6/5/2015,Manure,IM,2,W411,1,N/A,N/A,0
2015,6/5/2015,Manure,IM,2,W412,1,N/A,N/A,0
2015,6/5/2015,Manure,IM,3,E311,1,N/A,N/A,0
2015,6/5/2015,Manure,IM,3,E312,1,N/A,N/A,0
2015,6/5/2015,Manure,IM,4,E331,1,N/A,N/A,0
2015,6/5/2015,Manure,IM,4,E332,1,N/A,N/A,0
2015,6/11/2015,Manure,BM,1,W223,1,N/A,N/A,1.8
2015,6/11/2015,Manure,BM,1,W224,1,N/A,N/A,0.45
2015,6/11/2015,Manure,BM,2,W311,1,N/A,N/A,0.95
2015,6/11/2015,Manure,BM,2,W312,1,N/A,N/A,0.7
2015,6/11/2015,Manure,BM,3,W661,1,N/A,N/A,1.75
2015,6/11/2015,Manure,BM,3,W662,1,N/A,N/A,0.75
2015,6/11/2015,Manure,BM,4,E343,1,N/A,N/A,0.11
2015,6/11/2015,Manure,BM,4,E344,1,N/A,N/A,0.4
2015,6/11/2015,Manure,BM,1,W123,1,N/A,N/A,0.4
2015,6/11/2015,Manure,BM,1,W124,1,N/A,N/A,0.35
2015,6/11/2015,Manure,BM,2,W413,1,N/A,N/A,0.3
2015,6/11/2015,Manure,BM,2,W414,1,N/A,N/A,0.2
2015,6/11/2015,Manure,BM,3,E313,1,N/A,N/A,0.2
2015,6/11/2015,Manure,BM,3,E314,1,N/A,N/A,0.25
2015,6/11/2015,Manure,BM,4,E333,1,N/A,N/A,0.2
2015,6/11/2015,Manure,BM,4,E334,1,N/A,N/A,0.2
2015,6/11/2015,Manure,IM,1,W221,1,N/A,N/A,0.8
2015,6/11/2015,Manure,IM,1,W222,1,N/A,N/A,0.55
2015,6/11/2015,Manure,IM,2,W313,1,N/A,N/A,0.35
2015,6/11/2015,Manure,IM,2,W314,1,N/A,N/A,1.05
2015,6/11/2015,Manure,IM,3,W663,1,N/A,N/A,0.65
2015,6/11/2015,Manure,IM,3,W664,1,N/A,N/A,1.65
2015,6/11/2015,Manure,IM,4,E341,1,N/A,N/A,1.15
2015,6/11/2015,Manure,IM,4,E342,1,N/A,N/A,0.85
2015,6/11/2015,Manure,IM,1,W121,1,N/A,N/A,0.55
2015,6/11/2015,Manure,IM,1,W122,1,N/A,N/A,0.15
2015,6/11/2015,Manure,IM,2,W411,1,N/A,N/A,0.55
2015,6/11/2015,Manure,IM,2,W412,1,N/A,N/A,0.2
2015,6/11/2015,Manure,IM,3,E311,1,N/A,N/A,0.55
2015,6/11/2015,Manure,IM,3,E312,1,N/A,N/A,0.4
2015,6/11/2015,Manure,IM,4,E331,1,N/A,N/A,0.3
2015,6/11/2015,Manure,IM,4,E332,1,N/A,N/A,0.3
2015,6/19/2015,Manure,BM,1,W223,1,N/A,N/A,0.8
2015,6/19/2015,Manure,BM,1,W224,1,N/A,N/A,0.25
2015,6/19/2015,Manure,BM,2,W311,1,N/A,N/A,0.3
2015,6/19/2015,Manure,BM,2,W312,1,N/A,N/A,0.45
2015,6/19/2015,Manure,BM,3,W661,1,N/A,N/A,0.4
2015,6/19/2015,Manure,BM,3,W662,1,N/A,N/A,0.2
2015,6/19/2015,Manure,BM,4,E343,1,N/A,N/A,0.8
2015,6/19/2015,Manure,BM,4,E344,1,N/A,N/A,0.3
2015,6/19/2015,Manure,BM,1,W123,1,N/A,N/A,0.45
2015,6/19/2015,Manure,BM,1,W124,1,N/A,N/A,0.65
2015,6/19/2015,Manure,BM,2,W413,1,N/A,N/A,0.35
2015,6/19/2015,Manure,BM,2,W414,1,N/A,N/A,0.5
2015,6/19/2015,Manure,BM,3,E313,1,N/A,N/A,0.4
2015,6/19/2015,Manure,BM,3,E314,1,N/A,N/A,0.35
2015,6/19/2015,Manure,BM,4,E333,1,N/A,N/A,0.35
2015,6/19/2015,Manure,BM,4,E334,1,N/A,N/A,0.45
2015,6/19/2015,Manure,IM,1,W221,1,N/A,N/A,0.3
2015,6/19/2015,Manure,IM,1,W222,1,N/A,N/A,0.35
2015,6/19/2015,Manure,IM,2,W313,1,N/A,N/A,0.3
2015,6/19/2015,Manure,IM,2,W314,1,N/A,N/A,0.5
2015,6/19/2015,Manure,IM,3,W663,1,N/A,N/A,0.15
2015,6/19/2015,Manure,IM,3,W664,1,N/A,N/A,0.15
2015,6/19/2015,Manure,IM,4,E341,1,N/A,N/A,0.1
2015,6/19/2015,Manure,IM,4,E342,1,N/A,N/A,0.2
2015,6/19/2015,Manure,IM,1,W121,1,N/A,N/A,0.5
2015,6/19/2015,Manure,IM,1,W122,1,N/A,N/A,0.7
2015,6/19/2015,Manure,IM,2,W411,1,N/A,N/A,0.55
2015,6/19/2015,Manure,IM,2,W412,1,N/A,N/A,0.2
2015,6/19/2015,Manure,IM,3,E311,1,N/A,N/A,0.45
2015,6/19/2015,Manure,IM,3,E312,1,N/A,N/A,0.55
2015,6/19/2015,Manure,IM,4,E331,1,N/A,N/A,0.3
2015,6/19/2015,Manure,IM,4,E332,1,N/A,N/A,0.4
2015,6/29/2015,Manure,BM,1,W223,1,N/A,N/A,0
2015,6/29/2015,Manure,BM,1,W224,1,N/A,N/A,0
2015,6/29/2015,Manure,BM,2,W311,1,N/A,N/A,0
2015,6/29/2015,Manure,BM,2,W312,1,N/A,N/A,0
2015,6/29/2015,Manure,BM,3,W661,1,N/A,N/A,0
2015,6/29/2015,Manure,BM,3,W662,1,N/A,N/A,0
2015,6/29/2015,Manure,BM,4,E343,1,N/A,N/A,0
2015,6/29/2015,Manure,BM,4,E344,1,N/A,N/A,0
2015,6/29/2015,Manure,BM,1,W123,1,N/A,N/A,0.9
2015,6/29/2015,Manure,BM,1,W124,1,N/A,N/A,0.9
2015,6/29/2015,Manure,BM,2,W413,1,N/A,N/A,0.8
2015,6/29/2015,Manure,BM,2,W414,1,N/A,N/A,0.8
2015,6/29/2015,Manure,BM,3,E313,1,N/A,N/A,0.55
2015,6/29/2015,Manure,BM,3,E314,1,N/A,N/A,0.5
2015,6/29/2015,Manure,BM,4,E333,1,N/A,N/A,0.75
2015,6/29/2015,Manure,BM,4,E334,1,N/A,N/A,0.65
2015,6/29/2015,Manure,IM,1,W221,1,N/A,N/A,0
2015,6/29/2015,Manure,IM,1,W222,1,N/A,N/A,0
2015,6/29/2015,Manure,IM,2,W313,1,N/A,N/A,0
2015,6/29/2015,Manure,IM,2,W314,1,N/A,N/A,0
2015,6/29/2015,Manure,IM,3,W663,1,N/A,N/A,0
2015,6/29/2015,Manure,IM,3,W664,1,N/A,N/A,0
2015,6/29/2015,Manure,IM,4,E341,1,N/A,N/A,0
2015,6/29/2015,Manure,IM,4,E342,1,N/A,N/A,0
2015,6/29/2015,Manure,IM,1,W121,1,N/A,N/A,1.05
2015,6/29/2015,Manure,IM,1,W122,1,N/A,N/A,0.8
2015,6/29/2015,Manure,IM,2,W411,1,N/A,N/A,0.6
2015,6/29/2015,Manure,IM,2,W412,1,N/A,N/A,0.5
2015,6/29/2015,Manure,IM,3,E311,1,N/A,N/A,1
2015,6/29/2015,Manure,IM,3,E312,1,N/A,N/A,0.4
2015,6/29/2015,Manure,IM,4,E331,1,N/A,N/A,0.95
2015,6/29/2015,Manure,IM,4,E332,1,N/A,N/A,0.3
2015,7/7/2015,Manure,BM,1,W223,1,N/A,N/A,1
2015,7/7/2015,Manure,BM,1,W224,1,N/A,N/A,1.15
2015,7/7/2015,Manure,BM,2,W311,1,N/A,N/A,1.6
2015,7/7/2015,Manure,BM,2,W312,1,N/A,N/A,1.9
2015,7/7/2015,Manure,BM,3,W661,1,N/A,N/A,1.75
2015,7/7/2015,Manure,BM,3,W662,1,N/A,N/A,1.85
2015,7/7/2015,Manure,BM,4,E343,1,N/A,N/A,0.65
2015,7/7/2015,Manure,BM,4,E344,1,N/A,N/A,0.6
2015,7/7/2015,Manure,BM,1,W123,1,N/A,N/A,0
2015,7/7/2015,Manure,BM,1,W124,1,N/A,N/A,0
2015,7/7/2015,Manure,BM,2,W413,1,N/A,N/A,0
2015,7/7/2015,Manure,BM,2,W414,1,N/A,N/A,0
2015,7/7/2015,Manure,BM,3,E313,1,N/A,N/A,0
2015,7/7/2015,Manure,BM,3,E314,1,N/A,N/A,0
2015,7/7/2015,Manure,BM,4,E333,1,N/A,N/A,0
2015,7/7/2015,Manure,BM,4,E334,1,N/A,N/A,0
2015,7/7/2015,Manure,IM,1,W221,1,N/A,N/A,0.65
2015,7/7/2015,Manure,IM,1,W222,1,N/A,N/A,0.45
2015,7/7/2015,Manure,IM,2,W313,1,N/A,N/A,0.85
2015,7/7/2015,Manure,IM,2,W314,1,N/A,N/A,1.05
2015,7/7/2015,Manure,IM,3,W663,1,N/A,N/A,1
2015,7/7/2015,Manure,IM,3,W664,1,N/A,N/A,1.45
2015,7/7/2015,Manure,IM,4,E341,1,N/A,N/A,0.35
2015,7/7/2015,Manure,IM,4,E342,1,N/A,N/A,0.35
2015,7/7/2015,Manure,IM,1,W121,1,N/A,N/A,0
2015,7/7/2015,Manure,IM,1,W122,1,N/A,N/A,0
2015,7/7/2015,Manure,IM,2,W411,1,N/A,N/A,0
2015,7/7/2015,Manure,IM,2,W412,1,N/A,N/A,0
2015,7/7/2015,Manure,IM,3,E311,1,N/A,N/A,0
2015,7/7/2015,Manure,IM,3,E312,1,N/A,N/A,0
2015,7/7/2015,Manure,IM,4,E331,1,N/A,N/A,0
2015,7/7/2015,Manure,IM,4,E332,1,N/A,N/A,0
2015,7/13/2015,Manure,BM,1,W223,1,N/A,N/A,0
2015,7/13/2015,Manure,BM,1,W224,1,N/A,N/A,0
2015,7/13/2015,Manure,BM,2,W311,1,N/A,N/A,0
2015,7/13/2015,Manure,BM,2,W312,1,N/A,N/A,0
2015,7/13/2015,Manure,BM,3,W661,1,N/A,N/A,0
2015,7/13/2015,Manure,BM,3,W662,1,N/A,N/A,0
2015,7/13/2015,Manure,BM,4,E343,1,N/A,N/A,0
2015,7/13/2015,Manure,BM,4,E344,1,N/A,N/A,0
2015,7/13/2015,Manure,BM,1,W123,1,N/A,N/A,0
2015,7/13/2015,Manure,BM,1,W124,1,N/A,N/A,0
2015,7/13/2015,Manure,BM,2,W413,1,N/A,N/A,0
2015,7/13/2015,Manure,BM,2,W414,1,N/A,N/A,0
2015,7/13/2015,Manure,BM,3,E313,1,N/A,N/A,0
2015,7/13/2015,Manure,BM,3,E314,1,N/A,N/A,0
2015,7/13/2015,Manure,BM,4,E333,1,N/A,N/A,0
2015,7/13/2015,Manure,BM,4,E334,1,N/A,N/A,0
2015,7/13/2015,Manure,IM,1,W221,1,N/A,N/A,0
2015,7/13/2015,Manure,IM,1,W222,1,N/A,N/A,0
2015,7/13/2015,Manure,IM,2,W313,1,N/A,N/A,0
2015,7/13/2015,Manure,IM,2,W314,1,N/A,N/A,0
2015,7/13/2015,Manure,IM,3,W663,1,N/A,N/A,0
2015,7/13/2015,Manure,IM,3,W664,1,N/A,N/A,0
2015,7/13/2015,Manure,IM,4,E341,1,N/A,N/A,0
2015,7/13/2015,Manure,IM,4,E342,1,N/A,N/A,0
2015,7/13/2015,Manure,IM,1,W121,1,N/A,N/A,0
2015,7/13/2015,Manure,IM,1,W122,1,N/A,N/A,0
2015,7/13/2015,Manure,IM,2,W411,1,N/A,N/A,0
2015,7/13/2015,Manure,IM,2,W412,1,N/A,N/A,0
2015,7/13/2015,Manure,IM,3,E311,1,N/A,N/A,0
2015,7/13/2015,Manure,IM,3,E312,1,N/A,N/A,0
2015,7/13/2015,Manure,IM,4,E331,1,N/A,N/A,0
2015,7/13/2015,Manure,IM,4,E332,1,N/A,N/A,0
2015,7/22/2015,Manure,BM,1,W223,1,N/A,N/A,0
2015,7/22/2015,Manure,BM,1,W224,1,N/A,N/A,0
2015,7/22/2015,Manure,BM,2,W311,1,N/A,N/A,0
2015,7/22/2015,Manure,BM,2,W312,1,N/A,N/A,0.05
2015,7/22/2015,Manure,BM,3,W661,1,N/A,N/A,0
2015,7/22/2015,Manure,BM,3,W662,1,N/A,N/A,0
2015,7/22/2015,Manure,BM,4,E343,1,N/A,N/A,0
2015,7/22/2015,Manure,BM,4,E344,1,N/A,N/A,0
2015,7/22/2015,Manure,BM,1,W123,1,N/A,N/A,0.25
2015,7/22/2015,Manure,BM,1,W124,1,N/A,N/A,0.2
2015,7/22/2015,Manure,BM,2,W413,1,N/A,N/A,0.1
2015,7/22/2015,Manure,BM,2,W414,1,N/A,N/A,0.4
2015,7/22/2015,Manure,BM,3,E313,1,N/A,N/A,0.1
2015,7/22/2015,Manure,BM,3,E314,1,N/A,N/A,0.05
2015,7/22/2015,Manure,BM,4,E333,1,N/A,N/A,0.05
2015,7/22/2015,Manure,BM,4,E334,1,N/A,N/A,0.05
2015,7/22/2015,Manure,IM,1,W221,1,N/A,N/A,0
2015,7/22/2015,Manure,IM,1,W222,1,N/A,N/A,0.05
2015,7/22/2015,Manure,IM,2,W313,1,N/A,N/A,0
2015,7/22/2015,Manure,IM,2,W314,1,N/A,N/A,0
2015,7/22/2015,Manure,IM,3,W663,1,N/A,N/A,0
2015,7/22/2015,Manure,IM,3,W664,1,N/A,N/A,0
2015,7/22/2015,Manure,IM,4,E341,1,N/A,N/A,0.05
2015,7/22/2015,Manure,IM,4,E342,1,N/A,N/A,0.05
2015,7/22/2015,Manure,IM,1,W121,1,N/A,N/A,0.25
2015,7/22/2015,Manure,IM,1,W122,1,N/A,N/A,0.1
2015,7/22/2015,Manure,IM,2,W411,1,N/A,N/A,0.05
2015,7/22/2015,Manure,IM,2,W412,1,N/A,N/A,0.05
2015,7/22/2015,Manure,IM,3,E311,1,N/A,N/A,0.35
2015,7/22/2015,Manure,IM,3,E312,1,N/A,N/A,0.1
2015,7/22/2015,Manure,IM,4,E331,1,N/A,N/A,0.05
2015,7/22/2015,Manure,IM,4,E332,1,N/A,N/A,0.15
2015,7/29/2015,Manure,BM,1,W223,1,N/A,N/A,0.1
2015,7/29/2015,Manure,BM,1,W224,1,N/A,N/A,0.15
2015,7/29/2015,Manure,BM,2,W311,1,N/A,N/A,0.1
2015,7/29/2015,Manure,BM,2,W312,1,N/A,N/A,0
2015,7/29/2015,Manure,BM,3,W661,1,N/A,N/A,0
2015,7/29/2015,Manure,BM,3,W662,1,N/A,N/A,0.05
2015,7/29/2015,Manure,BM,4,E343,1,N/A,N/A,0.05
2015,7/29/2015,Manure,BM,4,E344,1,N/A,N/A,0.1
2015,7/29/2015,Manure,BM,1,W123,1,N/A,N/A,0.25
2015,7/29/2015,Manure,BM,1,W124,1,N/A,N/A,0.05
2015,7/29/2015,Manure,BM,2,W413,1,N/A,N/A,0
2015,7/29/2015,Manure,BM,2,W414,1,N/A,N/A,0.3
2015,7/29/2015,Manure,BM,3,E313,1,N/A,N/A,0
2015,7/29/2015,Manure,BM,3,E314,1,N/A,N/A,0.05
2015,7/29/2015,Manure,BM,4,E333,1,N/A,N/A,0.1
2015,7/29/2015,Manure,BM,4,E334,1,N/A,N/A,0.15
2015,7/29/2015,Manure,IM,1,W221,1,N/A,N/A,0
2015,7/29/2015,Manure,IM,1,W222,1,N/A,N/A,0
2015,7/29/2015,Manure,IM,2,W313,1,N/A,N/A,0.1
2015,7/29/2015,Manure,IM,2,W314,1,N/A,N/A,0.1
2015,7/29/2015,Manure,IM,3,W663,1,N/A,N/A,0
2015,7/29/2015,Manure,IM,3,W664,1,N/A,N/A,0
2015,7/29/2015,Manure,IM,4,E341,1,N/A,N/A,0.15
2015,7/29/2015,Manure,IM,4,E342,1,N/A,N/A,0
2015,7/29/2015,Manure,IM,1,W121,1,N/A,N/A,0.05
2015,7/29/2015,Manure,IM,1,W122,1,N/A,N/A,0.1
2015,7/29/2015,Manure,IM,2,W411,1,N/A,N/A,0.2
2015,7/29/2015,Manure,IM,2,W412,1,N/A,N/A,0.1
2015,7/29/2015,Manure,IM,3,E311,1,N/A,N/A,0.1
2015,7/29/2015,Manure,IM,3,E312,1,N/A,N/A,0.15
2015,7/29/2015,Manure,IM,4,E331,1,N/A,N/A,0.2
2015,7/29/2015,Manure,IM,4,E332,1,N/A,N/A,0.15
2015,8/24/2015,Manure,BM,1,W223,1,N/A,N/A,0
2015,8/24/2015,Manure,BM,1,W224,1,N/A,N/A,0
2015,8/24/2015,Manure,BM,2,W311,1,N/A,N/A,0
2015,8/24/2015,Manure,BM,2,W312,1,N/A,N/A,0
2015,8/24/2015,Manure,BM,3,W661,1,N/A,N/A,0
2015,8/24/2015,Manure,BM,3,W662,1,N/A,N/A,0.1
2015,8/24/2015,Manure,BM,4,E343,1,N/A,N/A,0
2015,8/24/2015,Manure,BM,4,E344,1,N/A,N/A,0
2015,8/24/2015,Manure,BM,1,W123,1,N/A,N/A,0
2015,8/24/2015,Manure,BM,1,W124,1,N/A,N/A,0
2015,8/24/2015,Manure,BM,2,W413,1,N/A,N/A,0
2015,8/24/2015,Manure,BM,2,W414,1,N/A,N/A,0
2015,8/24/2015,Manure,BM,3,E313,1,N/A,N/A,0
2015,8/24/2015,Manure,BM,3,E314,1,N/A,N/A,0.05
2015,8/24/2015,Manure,BM,4,E333,1,N/A,N/A,0
2015,8/24/2015,Manure,BM,4,E334,1,N/A,N/A,0
2015,8/24/2015,Manure,IM,1,W221,1,N/A,N/A,0
2015,8/24/2015,Manure,IM,1,W222,1,N/A,N/A,0
2015,8/24/2015,Manure,IM,2,W313,1,N/A,N/A,0
2015,8/24/2015,Manure,IM,2,W314,1,N/A,N/A,0
2015,8/24/2015,Manure,IM,3,W663,1,N/A,N/A,0
2015,8/24/2015,Manure,IM,3,W664,1,N/A,N/A,0
2015,8/24/2015,Manure,IM,4,E341,1,N/A,N/A,0
2015,8/24/2015,Manure,IM,4,E342,1,N/A,N/A,0.05
2015,8/24/2015,Manure,IM,1,W121,1,N/A,N/A,0
2015,8/24/2015,Manure,IM,1,W122,1,N/A,N/A,0
2015,8/24/2015,Manure,IM,2,W411,1,N/A,N/A,0
2015,8/24/2015,Manure,IM,2,W412,1,N/A,N/A,0
2015,8/24/2015,Manure,IM,3,E311,1,N/A,N/A,0
2015,8/24/2015,Manure,IM,3,E312,1,N/A,N/A,0
2015,8/24/2015,Manure,IM,4,E331,1,N/A,N/A,0
2015,8/24/2015,Manure,IM,4,E332,1,N/A,N/A,0
2016,6/9/2016,Manure,BM,1,W111,1,3,2,0.2
2016,6/9/2016,Manure,BM,1,W112,1,3,2,0.2
2016,6/9/2016,Manure,BM,1,W323,1,5,2.5,0.25
2016,6/9/2016,Manure,BM,1,W324,1,2,1,0.1
2016,6/9/2016,Manure,BM,1,W551,1,7,3.5,0.35
2016,6/9/2016,Manure,BM,1,W552,1,6,3,0.3
2016,6/9/2016,Manure,BM,1,E351,1,4,2,0.2
2016,6/9/2016,Manure,BM,1,E352,1,4,2,0.2
2016,6/9/2016,Manure,BM,2,W223,1,1,0.5,0.05
2016,6/9/2016,Manure,BM,2,W224,1,0,0,0
2016,6/9/2016,Manure,BM,2,W311,1,0,0,0
2016,6/9/2016,Manure,BM,2,W312,1,1,0.5,0.05
2016,6/9/2016,Manure,BM,3,W661,1,3,1.5,0.15
2016,6/9/2016,Manure,BM,3,W662,1,2,1,0.1
2016,6/9/2016,Manure,BM,3,E343,1,4,2,0.2
2016,6/9/2016,Manure,BM,3,E344,1,0,0,0
2016,6/9/2016,Manure,IM,2,W113,1,2,1,0.1
2016,6/9/2016,Manure,IM,2,W114,1,6,3,0.3
2016,6/9/2016,Manure,IM,2,W321,1,3,1.5,0.15
2016,6/9/2016,Manure,IM,2,W322,1,6,3,0.3
2016,6/9/2016,Manure,IM,3,W553,1,1,0.5,0.05
2016,6/9/2016,Manure,IM,3,W554,1,3,1.5,0.15
2016,6/9/2016,Manure,IM,3,E353,1,5,2.5,0.25
2016,6/9/2016,Manure,IM,3,E354,1,8,4,0.4
2016,6/9/2016,Manure,IM,4,W221,1,1,0.5,0.05
2016,6/9/2016,Manure,IM,4,W222,1,1,0.5,0.05
2016,6/9/2016,Manure,IM,4,W313,1,0,0,0
2016,6/9/2016,Manure,IM,4,W314,1,2,1,0.1
2016,6/9/2016,Manure,IM,4,W663,1,3,1.5,0.15
2016,6/9/2016,Manure,IM,4,W664,1,0,0,0
2016,6/9/2016,Manure,IM,4,E341,1,2,1,0.1
2016,6/9/2016,Manure,IM,4,E342,1,3,1.5,0.15
2016,6/23/2016,Manure,BM,1,W111,1,19,6.5,1
2016,6/23/2016,Manure,BM,1,W112,1,6,3,0.6
2016,6/23/2016,Manure,BM,2,W323,1,3,1.5,0.2
2016,6/23/2016,Manure,BM,2,W324,1,2,1,0.1
2016,6/23/2016,Manure,BM,3,W551,1,5,2.5,0.2
2016,6/23/2016,Manure,BM,3,W552,1,6,3,0.1
2016,6/23/2016,Manure,BM,4,E351,1,0,0,0
2016,6/23/2016,Manure,BM,4,E352,1,2,1,0.2
2016,6/23/2016,Manure,BM,1,W223,1,34,17,1.9
2016,6/23/2016,Manure,BM,1,W224,1,25,12.5,1
2016,6/23/2016,Manure,BM,2,W311,1,34,17,0.9
2016,6/23/2016,Manure,BM,2,W312,1,22,11,0.3
2016,6/23/2016,Manure,BM,3,W661,1,15,7.5,0.9
2016,6/23/2016,Manure,BM,3,W662,1,20,10,1.2
2016,6/23/2016,Manure,BM,4,E343,1,41,20.5,1.6
2016,6/23/2016,Manure,BM,4,E344,1,39,19.5,1.1
2016,6/23/2016,Manure,IM,1,W113,1,4,2,0.3
2016,6/23/2016,Manure,IM,1,W114,1,1,0.5,0.1
2016,6/23/2016,Manure,IM,2,W321,1,2,1,0.2
2016,6/23/2016,Manure,IM,2,W322,1,1,0.5,0.1
2016,6/23/2016,Manure,IM,3,W553,1,1,0.5,0.1
2016,6/23/2016,Manure,IM,3,W554,1,1,0.5,0.1
2016,6/23/2016,Manure,IM,4,E353,1,3,1.5,0.1
2016,6/23/2016,Manure,IM,4,E354,1,0,0,0
2016,6/23/2016,Manure,IM,1,W221,1,39,20.5,2
2016,6/23/2016,Manure,IM,1,W222,1,15,7.5,0.6
2016,6/23/2016,Manure,IM,2,W313,1,22,11,0.7
2016,6/23/2016,Manure,IM,2,W314,1,11,5.5,0.5
2016,6/23/2016,Manure,IM,3,W663,1,9,4.5,0.7
2016,6/23/2016,Manure,IM,3,W664,1,13,6.5,0.6
2016,6/23/2016,Manure,IM,4,E341,1,24,12,0.4
2016,6/23/2016,Manure,IM,4,E342,1,27,13.5,0.8
2017,6/8/2017,Manure,BM,1,W111,1,N/A,N/A,0.9
2017,6/8/2017,Manure,BM,1,W112,1,N/A,N/A,1
2017,6/8/2017,Manure,BM,1,W323,1,N/A,N/A,0.4
2017,6/8/2017,Manure,BM,1,W324,1,N/A,N/A,0.9
2017,6/8/2017,Manure,BM,1,W551,1,N/A,N/A,0.7
2017,6/8/2017,Manure,BM,1,W552,1,N/A,N/A,0.7
2017,6/8/2017,Manure,BM,1,E351,1,N/A,N/A,0.6
2017,6/8/2017,Manure,BM,1,E352,1,N/A,N/A,1
2017,6/8/2017,Manure,BM,2,W233,1,N/A,N/A,2.3
2017,6/8/2017,Manure,BM,2,W234,1,N/A,N/A,3.1
2017,6/8/2017,Manure,BM,2,W521,1,N/A,N/A,2.1
2017,6/8/2017,Manure,BM,2,W522,1,N/A,N/A,2.7
2017,6/8/2017,Manure,BM,3,E211,1,N/A,N/A,2.4
2017,6/8/2017,Manure,BM,3,E212,1,N/A,N/A,2.4
2017,6/8/2017,Manure,BM,3,E363,1,N/A,N/A,3
2017,6/8/2017,Manure,BM,3,E364,1,N/A,N/A,2.1
2017,6/8/2017,Manure,IM,2,W113,1,N/A,N/A,0.5
2017,6/8/2017,Manure,IM,2,W114,1,N/A,N/A,0.3
2017,6/8/2017,Manure,IM,2,W321,1,N/A,N/A,0.5
2017,6/8/2017,Manure,IM,2,W322,1,N/A,N/A,0.7
2017,6/8/2017,Manure,IM,3,W553,1,N/A,N/A,0.1
2017,6/8/2017,Manure,IM,3,W554,1,N/A,N/A,0.6
2017,6/8/2017,Manure,IM,3,E353,1,N/A,N/A,0.5
2017,6/8/2017,Manure,IM,3,E354,1,N/A,N/A,0.1
2017,6/8/2017,Manure,IM,4,W231,1,N/A,N/A,2
2017,6/8/2017,Manure,IM,4,W232,1,N/A,N/A,2.8
2017,6/8/2017,Manure,IM,4,W523,1,N/A,N/A,2.6
2017,6/8/2017,Manure,IM,4,W524,1,N/A,N/A,2.8
2017,6/8/2017,Manure,IM,4,E213,1,N/A,N/A,1.9
2017,6/8/2017,Manure,IM,4,E214,1,N/A,N/A,2
2017,6/8/2017,Manure,IM,4,E361,1,N/A,N/A,1.7
2017,6/8/2017,Manure,IM,4,E362,1,N/A,N/A,3
2017,6/13/2017,Manure,BM,1,W111,1,N/A,N/A,1.9
2017,6/13/2017,Manure,BM,1,W112,1,N/A,N/A,1.8
2017,6/13/2017,Manure,BM,1,W323,1,N/A,N/A,1.7
2017,6/13/2017,Manure,BM,1,W324,1,N/A,N/A,2.8
2017,6/13/2017,Manure,BM,1,W551,1,N/A,N/A,1.9
2017,6/13/2017,Manure,BM,1,W552,1,N/A,N/A,1.3
2017,6/13/2017,Manure,BM,1,E351,1,N/A,N/A,1.5
2017,6/13/2017,Manure,BM,1,E352,1,N/A,N/A,1.5
2017,6/13/2017,Manure,IM,2,W113,1,N/A,N/A,0.9
2017,6/13/2017,Manure,IM,2,W114,1,N/A,N/A,1
2017,6/13/2017,Manure,IM,2,W321,1,N/A,N/A,3.2
2017,6/13/2017,Manure,IM,2,W322,1,N/A,N/A,2.1
2017,6/13/2017,Manure,IM,3,W553,1,N/A,N/A,0.6
2017,6/13/2017,Manure,IM,3,W554,1,N/A,N/A,0.5
2017,6/13/2017,Manure,IM,3,E353,1,N/A,N/A,0.9
2017,6/13/2017,Manure,IM,3,E354,1,N/A,N/A,0.7
2017,6/21/2017,Manure,BM,1,W111,1,N/A,N/A,3.8
2017,6/21/2017,Manure,BM,1,W112,1,N/A,N/A,2.6
2017,6/21/2017,Manure,BM,1,W323,1,N/A,N/A,2.8
2017,6/21/2017,Manure,BM,1,W324,1,N/A,N/A,3
2017,6/21/2017,Manure,BM,1,W551,1,N/A,N/A,2.2
2017,6/21/2017,Manure,BM,1,W552,1,N/A,N/A,2.1
2017,6/21/2017,Manure,BM,1,E351,1,N/A,N/A,2.4
2017,6/21/2017,Manure,BM,1,E352,1,N/A,N/A,2.5
2017,6/21/2017,Manure,BM,2,W233,1,N/A,N/A,0
2017,6/21/2017,Manure,BM,2,W234,1,N/A,N/A,0
2017,6/21/2017,Manure,BM,2,W521,1,N/A,N/A,0.1
2017,6/21/2017,Manure,BM,2,W522,1,N/A,N/A,0
2017,6/21/2017,Manure,BM,3,E211,1,N/A,N/A,0
2017,6/21/2017,Manure,BM,3,E212,1,N/A,N/A,0
2017,6/21/2017,Manure,BM,3,E363,1,N/A,N/A,0
2017,6/21/2017,Manure,BM,3,E364,1,N/A,N/A,0
2017,6/21/2017,Manure,IM,2,W113,1,N/A,N/A,0.3
2017,6/21/2017,Manure,IM,2,W114,1,N/A,N/A,0
2017,6/21/2017,Manure,IM,2,W321,1,N/A,N/A,3.8
2017,6/21/2017,Manure,IM,2,W322,1,N/A,N/A,2.5
2017,6/21/2017,Manure,IM,3,W553,1,N/A,N/A,0
2017,6/21/2017,Manure,IM,3,W554,1,N/A,N/A,0.2
2017,6/21/2017,Manure,IM,3,E353,1,N/A,N/A,0.1
2017,6/21/2017,Manure,IM,3,E354,1,N/A,N/A,0.1
2017,6/21/2017,Manure,IM,4,W231,1,N/A,N/A,0.1
2017,6/21/2017,Manure,IM,4,W232,1,N/A,N/A,0
2017,6/21/2017,Manure,IM,4,W523,1,N/A,N/A,0
2017,6/21/2017,Manure,IM,4,W524,1,N/A,N/A,0
2017,6/21/2017,Manure,IM,4,E213,1,N/A,N/A,0
2017,6/21/2017,Manure,IM,4,E214,1,N/A,N/A,0
2017,6/21/2017,Manure,IM,4,E361,1,N/A,N/A,0
2017,6/21/2017,Manure,IM,4,E362,1,N/A,N/A,0
2017,7/19/2017,Manure,BM,1,W111,1,N/A,N/A,1.9
2017,7/19/2017,Manure,BM,1,W112,1,N/A,N/A,1.7
2017,7/19/2017,Manure,BM,1,W323,1,N/A,N/A,0.9
2017,7/19/2017,Manure,BM,1,W324,1,N/A,N/A,1.1
2017,7/19/2017,Manure,BM,1,W551,1,N/A,N/A,1.2
2017,7/19/2017,Manure,BM,1,W552,1,N/A,N/A,0.7
2017,7/19/2017,Manure,BM,1,E351,1,N/A,N/A,1.1
2017,7/19/2017,Manure,BM,1,E352,1,N/A,N/A,1.2
2017,7/19/2017,Manure,BM,2,W233,1,N/A,N/A,1.4
2017,7/19/2017,Manure,BM,2,W234,1,N/A,N/A,1.8
2017,7/19/2017,Manure,BM,2,W521,1,N/A,N/A,1.3
2017,7/19/2017,Manure,BM,2,W522,1,N/A,N/A,0.9
2017,7/19/2017,Manure,BM,3,E211,1,N/A,N/A,2.5
2017,7/19/2017,Manure,BM,3,E212,1,N/A,N/A,1.7
2017,7/19/2017,Manure,BM,3,E363,1,N/A,N/A,1.5
2017,7/19/2017,Manure,BM,3,E364,1,N/A,N/A,1.2
2017,7/19/2017,Manure,IM,2,W113,1,N/A,N/A,0.7
2017,7/19/2017,Manure,IM,2,W114,1,N/A,N/A,0.7
2017,7/19/2017,Manure,IM,2,W321,1,N/A,N/A,0.9
2017,7/19/2017,Manure,IM,2,W322,1,N/A,N/A,1.3
2017,7/19/2017,Manure,IM,3,W553,1,N/A,N/A,0.2
2017,7/19/2017,Manure,IM,3,W554,1,N/A,N/A,0.2
2017,7/19/2017,Manure,IM,3,E353,1,N/A,N/A,0.8
2017,7/19/2017,Manure,IM,3,E354,1,N/A,N/A,0
2017,7/19/2017,Manure,IM,4,W231,1,N/A,N/A,0.8
2017,7/19/2017,Manure,IM,4,W232,1,N/A,N/A,1.2
2017,7/19/2017,Manure,IM,4,W523,1,N/A,N/A,1.3
2017,7/19/2017,Manure,IM,4,W524,1,N/A,N/A,0.9
2017,7/19/2017,Manure,IM,4,E213,1,N/A,N/A,1.2
2017,7/19/2017,Manure,IM,4,E214,1,N/A,N/A,1.7
2017,7/19/2017,Manure,IM,4,E361,1,N/A,N/A,1.2
2017,7/19/2017,Manure,IM,4,E362,1,N/A,N/A,0.3
2017,7/25/2017,Manure,BM,1,W233,1,N/A,N/A,5.6
2017,7/25/2017,Manure,BM,1,W234,1,N/A,N/A,10
2017,7/25/2017,Manure,BM,1,W521,1,N/A,N/A,20.8
2017,7/25/2017,Manure,BM,1,W522,1,N/A,N/A,13
2017,7/25/2017,Manure,BM,1,E211,1,N/A,N/A,19.6
2017,7/25/2017,Manure,BM,1,E212,1,N/A,N/A,14.8
2017,7/25/2017,Manure,BM,1,E363,1,N/A,N/A,12.4
2017,7/25/2017,Manure,BM,1,E364,1,N/A,N/A,7.8
2017,7/25/2017,Manure,IM,2,W231,1,N/A,N/A,5.5
2017,7/25/2017,Manure,IM,2,W232,1,N/A,N/A,5.1
2017,7/25/2017,Manure,IM,2,W523,1,N/A,N/A,9.6
2017,7/25/2017,Manure,IM,2,W524,1,N/A,N/A,6
2017,7/25/2017,Manure,IM,2,E213,1,N/A,N/A,8.7
2017,7/25/2017,Manure,IM,2,E214,1,N/A,N/A,7.7
2017,7/25/2017,Manure,IM,2,E361,1,N/A,N/A,11.7
2017,7/25/2017,Manure,IM,2,E362,1,N/A,N/A,5.3
2017,8/23/2017,Manure,BM,1,W111,1,N/A,N/A,0.3
2017,8/23/2017,Manure,BM,1,W112,1,N/A,N/A,0.3
2017,8/23/2017,Manure,BM,1,W323,1,N/A,N/A,0
2017,8/23/2017,Manure,BM,1,W324,1,N/A,N/A,0
2017,8/23/2017,Manure,BM,1,W551,1,N/A,N/A,0
2017,8/23/2017,Manure,BM,1,W552,1,N/A,N/A,0.1
2017,8/23/2017,Manure,BM,1,E351,1,N/A,N/A,0.3
2017,8/23/2017,Manure,BM,1,E352,1,N/A,N/A,0.4
2017,8/23/2017,Manure,BM,2,W233,1,N/A,N/A,0.2
2017,8/23/2017,Manure,BM,2,W234,1,N/A,N/A,0.6
2017,8/23/2017,Manure,BM,2,W521,1,N/A,N/A,0.4
2017,8/23/2017,Manure,BM,2,W522,1,N/A,N/A,0.8
2017,8/23/2017,Manure,BM,3,E211,1,N/A,N/A,0.4
2017,8/23/2017,Manure,BM,3,E212,1,N/A,N/A,0.8
2017,8/23/2017,Manure,BM,3,E363,1,N/A,N/A,1.4
2017,8/23/2017,Manure,BM,3,E364,1,N/A,N/A,0.4
2017,8/23/2017,Manure,IM,2,W113,1,N/A,N/A,0.1
2017,8/23/2017,Manure,IM,2,W114,1,N/A,N/A,0.3
2017,8/23/2017,Manure,IM,2,W321,1,N/A,N/A,0.1
2017,8/23/2017,Manure,IM,2,W322,1,N/A,N/A,0
2017,8/23/2017,Manure,IM,3,W553,1,N/A,N/A,0.1
2017,8/23/2017,Manure,IM,3,W554,1,N/A,N/A,0.1
2017,8/23/2017,Manure,IM,3,E353,1,N/A,N/A,0.3
2017,8/23/2017,Manure,IM,3,E354,1,N/A,N/A,0
2017,8/23/2017,Manure,IM,4,W231,1,N/A,N/A,0.5
2017,8/23/2017,Manure,IM,4,W232,1,N/A,N/A,0.4
2017,8/23/2017,Manure,IM,4,W523,1,N/A,N/A,0.3
2017,8/23/2017,Manure,IM,4,W524,1,N/A,N/A,0.3
2017,8/23/2017,Manure,IM,4,E213,1,N/A,N/A,0.4
2017,8/23/2017,Manure,IM,4,E214,1,N/A,N/A,0.2
2017,8/23/2017,Manure,IM,4,E361,1,N/A,N/A,1.2
2017,8/23/2017,Manure,IM,4,E362,1,N/A,N/A,0.9
2018,6/6/2018,Manure,BM,1,W211,1,N/A,N/A,2.1
2018,6/6/2018,Manure,BM,1,W212,1,N/A,N/A,1.7
2018,6/6/2018,Manure,IM,1,W213,1,N/A,N/A,1.9
2018,6/6/2018,Manure,IM,1,W214,1,N/A,N/A,1.4
2018,6/6/2018,Manure,IM,2,W511,1,N/A,N/A,1.7
2018,6/6/2018,Manure,IM,2,W512,1,N/A,N/A,1.5
2018,6/6/2018,Manure,BM,2,W513,1,N/A,N/A,1.2
2018,6/6/2018,Manure,BM,2,W514,1,N/A,N/A,0.9
2018,6/6/2018,Manure,BM,4,E321,1,N/A,N/A,1.9
2018,6/6/2018,Manure,BM,4,E322,1,N/A,N/A,2.9
2018,6/6/2018,Manure,IM,4,E323,1,N/A,N/A,2.4
2018,6/6/2018,Manure,IM,4,E324,1,N/A,N/A,2.3
2018,6/6/2018,Manure,BM,3,W561,1,N/A,N/A,0.8
2018,6/6/2018,Manure,BM,3,W562,1,N/A,N/A,1.3
2018,6/6/2018,Manure,IM,3,W563,1,N/A,N/A,2.7
2018,6/6/2018,Manure,IM,1,W564,1,N/A,N/A,3
2018,6/12/2018,Manure,BM,1,W211,1,N/A,N/A,0
2018,6/12/2018,Manure,BM,1,W212,1,N/A,N/A,0
2018,6/12/2018,Manure,IM,1,W213,1,N/A,N/A,0
2018,6/12/2018,Manure,IM,2,W214,1,N/A,N/A,0
2018,6/12/2018,Manure,IM,2,W511,1,N/A,N/A,0
2018,6/12/2018,Manure,IM,2,W512,1,N/A,N/A,0
2018,6/12/2018,Manure,BM,2,W513,1,N/A,N/A,0
2018,6/12/2018,Manure,BM,2,W514,1,N/A,N/A,0
2018,6/12/2018,Manure,BM,4,E321,1,N/A,N/A,0
2018,6/12/2018,Manure,BM,4,E322,1,N/A,N/A,0.1
2018,6/12/2018,Manure,IM,4,E323,1,N/A,N/A,0
2018,6/12/2018,Manure,IM,4,E324,1,N/A,N/A,0
2018,6/12/2018,Manure,BM,3,W561,1,N/A,N/A,0
2018,6/12/2018,Manure,BM,3,W562,1,N/A,N/A,0
2018,6/12/2018,Manure,IM,3,W563,1,N/A,N/A,0
2018,6/12/2018,Manure,IM,1,W564,1,N/A,N/A,0
2018,6/25/2018,Manure,BM,1,W211,1,N/A,N/A,1.4
2018,6/25/2018,Manure,BM,1,W212,1,N/A,N/A,1.6
2018,6/25/2018,Manure,IM,1,W213,1,N/A,N/A,1.6
2018,6/25/2018,Manure,IM,2,W214,1,N/A,N/A,2.4
2018,6/25/2018,Manure,IM,2,W511,1,N/A,N/A,1.9
2018,6/25/2018,Manure,IM,2,W512,1,N/A,N/A,1
2018,6/25/2018,Manure,BM,2,W513,1,N/A,N/A,1.9
2018,6/25/2018,Manure,BM,2,W514,1,N/A,N/A,1.3
2018,6/25/2018,Manure,BM,4,E321,1,N/A,N/A,1
2018,6/25/2018,Manure,BM,4,E322,1,N/A,N/A,1.5
2018,6/25/2018,Manure,IM,4,E323,1,N/A,N/A,1.3
2018,6/25/2018,Manure,IM,4,E324,1,N/A,N/A,1.6
2018,6/25/2018,Manure,BM,3,W561,1,N/A,N/A,1.4
2018,6/25/2018,Manure,BM,3,W562,1,N/A,N/A,1.2
2018,6/25/2018,Manure,IM,3,W563,1,N/A,N/A,1
2018,6/25/2018,Manure,IM,1,W564,1,N/A,N/A,1.1
2018,6/26/2018,Manure,IM,1,W231,1,N/A,N/A,1.5
2018,6/26/2018,Manure,IM,1,W232,1,N/A,N/A,1.2
2018,6/26/2018,Manure,BM,1,W233,1,N/A,N/A,1
2018,6/26/2018,Manure,BM,2,W234,1,N/A,N/A,0.9
2018,6/26/2018,Manure,BM,2,W521,1,N/A,N/A,0.9
2018,6/26/2018,Manure,BM,2,W522,1,N/A,N/A,1.2
2018,6/26/2018,Manure,IM,2,W523,1,N/A,N/A,1.8
2018,6/26/2018,Manure,IM,2,W524,1,N/A,N/A,1.2
2018,6/26/2018,Manure,BM,3,E211,1,N/A,N/A,1.8
2018,6/26/2018,Manure,BM,3,E212,1,N/A,N/A,1.7
2018,6/26/2018,Manure,IM,3,E213,1,N/A,N/A,1.3
2018,6/26/2018,Manure,IM,4,E214,1,N/A,N/A,1.7
2018,6/26/2018,Manure,IM,4,E361,1,N/A,N/A,1.3
2018,6/26/2018,Manure,IM,4,E362,1,N/A,N/A,0.8
2018,6/26/2018,Manure,BM,4,E363,1,N/A,N/A,1.2
2018,6/26/2018,Manure,BM,3,E364,1,N/A,N/A,1.3
2018,7/28/2018,Manure,BM,1,W211,1,N/A,N/A,4
2018,7/28/2018,Manure,BM,1,W212,1,N/A,N/A,2.4
2018,7/28/2018,Manure,IM,1,W213,1,N/A,N/A,2.6
2018,7/28/2018,Manure,IM,2,W214,1,N/A,N/A,2.6
2018,7/28/2018,Manure,IM,2,W511,1,N/A,N/A,2.7
2018,7/28/2018,Manure,IM,2,W512,1,N/A,N/A,1.9
2018,7/28/2018,Manure,BM,2,W513,1,N/A,N/A,2
2018,7/28/2018,Manure,BM,2,W514,1,N/A,N/A,4
2018,7/28/2018,Manure,BM,4,E321,1,N/A,N/A,5.5
2018,7/28/2018,Manure,BM,4,E322,1,N/A,N/A,4
2018,7/28/2018,Manure,IM,4,E323,1,N/A,N/A,3.4
2018,7/28/2018,Manure,IM,4,E324,1,N/A,N/A,1.5
2018,7/28/2018,Manure,BM,3,W561,1,N/A,N/A,3.1
2018,7/28/2018,Manure,BM,3,W562,1,N/A,N/A,4.1
2018,7/28/2018,Manure,IM,3,W563,1,N/A,N/A,0.9
2018,7/28/2018,Manure,IM,3,W564,1,N/A,N/A,0.9
2019,6/12/2019,Manure,IM,1,W213,1,11,5.5,0.55
2019,6/12/2019,Manure,IM,1,W214,1,9,4.5,0.45
2019,6/12/2019,Manure,IM,2,W511,1,3,1.5,0.15
2019,6/12/2019,Manure,IM,2,W512,1,11,5.5,0.55
2019,6/12/2019,Manure,IM,3,W 563,1,10,5,0.5
2019,6/12/2019,Manure,IM,3,W 564,1,11,5.5,0.55
2019,6/12/2019,Manure,IM,4,E 323,1,4,2,0.2
2019,6/12/2019,Manure,IM,4,E 324,1,8,4,0.4
2019,6/12/2019,Manure,BM,1,W 211,1,14,7,0.7
2019,6/12/2019,Manure,BM,1,W 212,1,15,7.5,0.75
2019,6/12/2019,Manure,BM,2,W 513,1,14,7,0.7
2019,6/12/2019,Manure,BM,2,W 514,1,10,5,0.5
2019,6/12/2019,Manure,BM,3,W 561,1,4,2,0.2
2019,6/12/2019,Manure,BM,3,W 562,1,11,5.5,0.55
2019,6/12/2019,Manure,BM,4,E 321,1,14,7,0.7
2019,6/12/2019,Manure,BM,4,E 322,1,19,9.5,0.95
2019,6/19/2019,Manure,IM,1,W213,1,23,11.5,1.15
2019,6/19/2019,Manure,IM,1,W214,1,26,13,1.3
2019,6/19/2019,Manure,IM,2,W511,1,34,17,1.7
2019,6/19/2019,Manure,IM,2,W512,1,32,16,1.6
2019,6/19/2019,Manure,IM,3,W 563,1,24,12,1.2
2019,6/19/2019,Manure,IM,3,W 564,1,32,16,1.6
2019,6/19/2019,Manure,IM,4,E 323,1,0,0,0
2019,6/19/2019,Manure,IM,4,E 324,1,0,0,0
2019,6/19/2019,Manure,BM,1,W 211,1,42,21,2.1
2019,6/19/2019,Manure,BM,1,W 212,1,40,20,2
2019,6/19/2019,Manure,BM,2,W 513,1,38,19,1.9
2019,6/19/2019,Manure,BM,2,W 514,1,39,19.5,1.95
2019,6/19/2019,Manure,BM,3,W 561,1,63,31.5,3.15
2019,6/19/2019,Manure,BM,3,W 562,1,47,23.5,2.35
2019,6/19/2019,Manure,BM,4,E 321,1,0,0,0
2019,6/19/2019,Manure,BM,4,E 322,1,0,0,0
2019,7/17/2019,Manure,IM,1,W213,1,5,2.5,0.25
2019,7/17/2019,Manure,IM,1,W214,1,8,4,0.4
2019,7/17/2019,Manure,IM,2,W511,1,4,2,0.2
2019,7/17/2019,Manure,IM,2,W512,1,7,3.5,0.35
2019,7/17/2019,Manure,IM,3,W 563,1,3,1.5,0.15
2019,7/17/2019,Manure,IM,3,W 564,1,3,1.5,0.15
2019,7/17/2019,Manure,IM,4,E 323,1,2,1,0.1
2019,7/17/2019,Manure,IM,4,E 324,1,2,1,0.1
2019,7/17/2019,Manure,BM,1,W 211,1,7,3.5,0.35
2019,7/17/2019,Manure,BM,1,W 212,1,3,1.5,0.15
2019,7/17/2019,Manure,BM,2,W 513,1,12,6,0.6
2019,7/17/2019,Manure,BM,2,W 514,1,7,3.5,0.35
2019,7/17/2019,Manure,BM,3,W 561,1,7,3.5,0.35
2019,7/17/2019,Manure,BM,3,W 562,1,10,5,0.5
2019,7/17/2019,Manure,BM,4,E 321,1,9,4.5,0.3
2019,7/17/2019,Manure,BM,4,E 322,1,5,2.5,0.25
2019,7/24/2019,Manure,IM,1,W213,1,30,15,1.5
2019,7/24/2019,Manure,IM,1,W214,1,15,7.5,0.75
2019,7/24/2019,Manure,IM,2,W511,1,12,6,0.6
2019,7/24/2019,Manure,IM,2,W512,1,17,8.5,0.85
2019,7/24/2019,Manure,IM,3,W 563,1,24,12,1.2
2019,7/24/2019,Manure,IM,3,W 564,1,29,14.5,1.45
2019,7/24/2019,Manure,IM,4,E 323,1,15,7.5,0.75
2019,7/24/2019,Manure,IM,4,E 324,1,10,5,0.5
2019,7/24/2019,Manure,BM,1,W 211,1,27,13.5,1.35
2019,7/24/2019,Manure,BM,1,W 212,1,13,6.5,0.65
2019,7/24/2019,Manure,BM,2,W 513,1,17,8.5,0.85
2019,7/24/2019,Manure,BM,2,W 514,1,18,9,0.9
2019,7/24/2019,Manure,BM,3,W 561,1,26,13,1.3
2019,7/24/2019,Manure,BM,3,W 562,1,23,11.5,1.15
2019,7/24/2019,Manure,BM,4,E 321,1,19,6,0.6
2019,7/24/2019,Manure,BM,4,E 322,1,16,8,0.8
2019,8/7/2019,Manure,IM,1,W213,1,0,0,0
2019,8/7/2019,Manure,IM,1,W214,1,0,0,0
2019,8/7/2019,Manure,IM,2,W511,1,1,0.5,0.05
2019,8/7/2019,Manure,IM,2,W512,1,6,3,0.3
2019,8/7/2019,Manure,IM,3,W 563,1,0,0,0
2019,8/7/2019,Manure,IM,3,W 564,1,0,0,0
2019,8/7/2019,Manure,IM,4,E 323,1,0,0,0
2019,8/7/2019,Manure,IM,4,E 324,1,0,0,0
2019,8/7/2019,Manure,BM,1,W 211,1,1,0.5,0.05
2019,8/7/2019,Manure,BM,1,W 212,1,3,1.5,0.15
2019,8/7/2019,Manure,BM,2,W 513,1,4,2,0.2
2019,8/7/2019,Manure,BM,2,W 514,1,2,1,0.1
2019,8/7/2019,Manure,BM,3,W 561,1,2,1,0.1
2019,8/7/2019,Manure,BM,3,W 562,1,3,1.5,0.15
2019,8/7/2019,Manure,BM,4,E 321,1,0,0,0
2019,8/7/2019,Manure,BM,4,E 322,1,1,0.5,0.05
2019,8/15/2019,Manure,IM,1,W213,1,7,3.5,0.35
2019,8/15/2019,Manure,IM,1,W214,1,2,1,0.1
2019,8/15/2019,Manure,IM,2,W511,1,4,2,0.2
2019,8/15/2019,Manure,IM,2,W512,1,5,2.5,0.25
2019,8/15/2019,Manure,IM,3,E 563,1,6,3,0.3
2019,8/15/2019,Manure,IM,3,E 564,1,4,2,0.2
2019,8/15/2019,Manure,IM,4,E 323,1,1,0.5,0.05
2019,8/15/2019,Manure,IM,4,E 324,1,2,1,0.1
2019,8/15/2019,Manure,BM,1,W 211,1,6,3,0.3
2019,8/15/2019,Manure,BM,1,W 212,1,4,2,0.2
2019,8/15/2019,Manure,BM,2,W 513,1,0,0,0
2019,8/15/2019,Manure,BM,2,W 514,1,2,1,0.1
2019,8/15/2019,Manure,BM,3,W 561,1,4,2,0.2
2019,8/15/2019,Manure,BM,3,W 562,1,6,3,0.1
2019,8/15/2019,Manure,BM,4,E 321,1,4,2,0.2
2019,8/15/2019,Manure,BM,4,E 322,1,2,1,0.1
2019,8/21/2019,Manure,IM,1,W213,1,1,0.5,0.05
2019,8/21/2019,Manure,IM,1,W214,1,1,0.5,0.05
2019,8/21/2019,Manure,IM,2,W511,1,3,1.5,0.15
2019,8/21/2019,Manure,IM,2,W512,1,0,0,0
2019,8/21/2019,Manure,IM,3,E 563,1,0,0,0
2019,8/21/2019,Manure,IM,3,E 564,1,2,1,0.1
2019,8/21/2019,Manure,IM,4,E 323,1,0,0,0
2019,8/21/2019,Manure,IM,4,E 324,1,1,0.5,0.05
2019,8/21/2019,Manure,BM,1,W 211,1,2,1,0.1
2019,8/21/2019,Manure,BM,1,W 212,1,0,0,0
2019,8/21/2019,Manure,BM,2,W 513,1,2,1,0.1
2019,8/21/2019,Manure,BM,2,W 514,1,2,1,0.1
2019,8/21/2019,Manure,BM,3,W 561,1,3,1.5,0.15
2019,8/21/2019,Manure,BM,3,W 562,1,2,1,0.1
2019,8/21/2019,Manure,BM,4,E 321,1,1,0.5,0.05
2019,8/21/2019,Manure,BM,4,E 322,1,3,1.5,0.15
2020,6/22/2020,Manure,BM,1,W 123,1,22,11,1.1
2020,6/22/2020,Manure,BM,1,W 124 ,1,17,8.5,0.85
2020,6/22/2020,Manure,BM,2,W 413,1,31,15.5,1.55
2020,6/22/2020,Manure,BM,2,W 414,1,25,12.5,1.25
2020,6/22/2020,Manure,BM,3,E 313,1,14,7,0.7
2020,6/22/2020,Manure,BM,3,E 314,1,23,11.5,1.15
2020,6/22/2020,Manure,BM,4,E 333,1,17,8.5,0.85
2020,6/22/2020,Manure,BM,4,E 334,1,25,12.5,1.25
2020,6/22/2020,Manure,IM,1,W 121,1,21,10.5,1.05
2020,6/22/2020,Manure,IM,1,W 122,1,32,16,1.6
2020,6/22/2020,Manure,IM,2,W 411,1,36,18,1.8
2020,6/22/2020,Manure,IM,2,W 412,1,32,16,1.6
2020,6/22/2020,Manure,IM,3,E 311,1,12,6,0.6
2020,6/22/2020,Manure,IM,3,E312,1,19,9.5,0.95
2020,6/22/2020,Manure,IM,4,E 331,1,25,12.5,1.25
2020,6/22/2020,Manure,IM,4,E 332,1,31,15.5,1.55
2020,6/22/2020,Manure,BM,1,W 131,1,37,18.5,1.85
2020,6/22/2020,Manure,BM,1,W 132,1,29,14.5,1.45
2020,6/22/2020,Manure,BM,2,W 423,1,38,19,1.9
2020,6/22/2020,Manure,BM,2,W 424,1,36,18,1.8
2020,6/22/2020,Manure,BM,3,W 653,1,28,14,1.4
2020,6/22/2020,Manure,BM,3,W 654,1,36,18,1.8
2020,6/22/2020,Manure,IM,1,W 133,1,20,10,1
2020,6/22/2020,Manure,IM,1,W 134,1,23,11.5,1.15
2020,6/22/2020,Manure,IM,2,W 421,1,23,11.5,1.15
2020,6/22/2020,Manure,IM,2,W 422,1,30,15,1.5
2020,6/22/2020,Manure,BM,2,W 423,1,38,19,1.9
2020,6/22/2020,Manure,BM,2,W 424,1,36,18,1.8
2020,6/22/2020,Manure,IM,3,E 651,1,23,11.5,1.15
2020,6/22/2020,Manure,IM,3,E 652,1,33,16.5,1.65
2021,6/10/2021,Manure,IM,1,W 221,1,7,3.5,0.35
2021,6/10/2021,Manure,IM,1,W 222 ,1,3,1.5,0.15
2021,6/10/2021,Manure,BM,1,W 223,1,9,4.5,0.45
2021,6/10/2021,Manure,BM,1,W 224,1,9,4.5,0.45
2021,6/10/2021,Manure,BM,2,W 311,1,8,4,0.4
2021,6/10/2021,Manure,BM,2,W 312,1,12,6,0.6
2021,6/10/2021,Manure,IM,2,W 313,1,7,3.5,0.35
2021,6/10/2021,Manure,IM,2,W 314,1,11,5.5,0.55
2021,6/10/2021,Manure,BM,3,W 661,1,8,4,0.4
2021,6/10/2021,Manure,BM,3,W 662,1,4,2,0.2
2021,6/10/2021,Manure,IM,3,W 663,1,4,2,0.2
2021,6/10/2021,Manure,IM,3,W 664,1,8,4,0.4
2021,6/10/2021,Manure,IM,4,E 341,1,8,4,0.4
2021,6/10/2021,Manure,IM,4,E 342,1,20,10,1
2021,6/10/2021,Manure,BM,4,E 343,1,15,7.5,0.75
2021,6/10/2021,Manure,BM,4,E 344,1,18,9,0.9
2021,7/6/2021,Manure,IM,1,W 121,1,6,3,0.3
2021,7/6/2021,Manure,IM,1,W 122,1,0,0,0
2021,7/6/2021,Manure,BM,1,W 123,1,4,2,0.2
2021,7/6/2021,Manure,BM,1,W 124,1,11,5.5,0.55
2021,7/6/2021,Manure,IM,1,W 221,1,7,3.5,0.35
2021,7/6/2021,Manure,IM,1,W 222,1,6,3,0.3
2021,7/6/2021,Manure,BM,1,W 223,1,3,1.5,0.15
2021,7/6/2021,Manure,BM,1,W 224,1,3,1.5,0.15
2021,7/6/2021,Manure,BM,2,W 311,1,5,2.5,0.25
2021,7/6/2021,Manure,BM,2,W 312,1,6,3,0.3
2021,7/6/2021,Manure,IM,2,W 313,1,5,2.5,0.25
2021,7/6/2021,Manure,IM,2,W 314,1,1,0.5,0.05
2021,7/6/2021,Manure,IM,2,W 411,1,1,0.5,0.05
2021,7/6/2021,Manure,IM,2,W 412,1,4,2,0.2
2021,7/6/2021,Manure,BM,2,W 413,1,2,1,0.1
2021,7/6/2021,Manure,BM,2,W 414,1,4,2,0.2
2021,7/6/2021,Manure,BM,3,W 661,1,3,1.5,0.15
2021,7/6/2021,Manure,BM,3,W 662,1,0,0,0
2021,7/6/2021,Manure,IM,3,W 663,1,1,0.5,0.05
2021,7/6/2021,Manure,IM,3,W 664,1,2,1,0.1
2021,7/6/2021,Manure,BM,2,E 311,1,2,1,0.1
2021,7/6/2021,Manure,BM,2,E 312,1,2,1,0.1
2021,7/6/2021,Manure,IM,2,E 313,1,6,3,0.3
2021,7/6/2021,Manure,IM,2,E 314,1,3,1.5,0.15
2021,7/6/2021,Manure,IM,4,E 331,1,3,1.5,0.15
2021,7/6/2021,Manure,IM,4,E 332,1,5,2.5,0.25
2021,7/6/2021,Manure,BM,4,E 333,1,2,1,0.1
2021,7/6/2021,Manure,BM,4,E 334,1,3,1.5,0.15
2021,7/6/2021,Manure,IM,4,E 341,1,2,1,0.1
2021,7/6/2021,Manure,IM,4,E 342,1,3,1.5,0.15
2021,7/6/2021,Manure,BM,4,E 343,1,1,0.5,0.05
2021,7/6/2021,Manure,BM,4,E 344,1,0,0,0
2022,6/8/2022,Manure,BM,1,W 111,1,1,0.5,0.05
2022,6/8/2022,Manure,BM,1,W 112,1,0,0,0
2022,6/8/2022,Manure,IM,1,W 113,1,0,0.5,0.05
2022,6/8/2022,Manure,IM,1,W 114,1,0,0.5,0.05
2022,6/8/2022,Manure,IM,1,W 221,1,4,3.5,0.35
2022,6/8/2022,Manure,IM,1,W 222,1,2,1,0.1
2022,6/8/2022,Manure,BM,1,W 223,1,3,1.5,0.15
2022,6/8/2022,Manure,BM,1,W 224,1,4,2.5,0.25
2022,6/8/2022,Manure,BM,2,W 311,1,0,1.5,0.15
2022,6/8/2022,Manure,BM,2,W 312,1,3,2,0.2
2022,6/8/2022,Manure,IM,2,W 313,1,1,3,0.3
2022,6/8/2022,Manure,IM,2,W 314,1,4,3,0.3
2022,6/8/2022,Manure,IM,2,W 321,1,0,0,0
2022,6/8/2022,Manure,IM,2,W 322,1,1,2,0.2
2022,6/8/2022,Manure,BM,2,W 323,1,1,0.5,0.05
2022,6/8/2022,Manure,BM,2,W 324,1,0,0,0
2022,6/8/2022,Manure,BM,3,W 551,1,1,0.5,0.05
2022,6/8/2022,Manure,BM,3,W 552,1,0,0,0
2022,6/8/2022,Manure,IM,3,W 553,1,1,0.5,0.05
2022,6/8/2022,Manure,IM,3,W 554,1,0,0,0
2022,6/8/2022,Manure,BM,3,W 661,1,3,3.5,0.35
2022,6/8/2022,Manure,BM,3,W 662,1,3,3,0.3
2022,6/8/2022,Manure,IM,3,W 663,1,1,0.5,0.05
2022,6/8/2022,Manure,IM,3,W 664,1,4,2,0.2
2022,6/8/2022,Manure,IM,4,E 341,1,5,2.5,0.25
2022,6/8/2022,Manure,IM,4,E 342,1,0,0.5,0.05
2022,6/8/2022,Manure,BM,4,E 343,1,1,1,0.1
2022,6/8/2022,Manure,BM,4,E 344,1,1,0.5,0.05
2022,6/8/2022,Manure,BM,4,E 351,1,0,0,0
2022,6/8/2022,Manure,BM,4,E 352,1,0,0,0
2022,6/8/2022,Manure,IM,4,E 353,1,0,0,0
2022,6/8/2022,Manure,IM,4,E 354,1,1,0.5,0.05
2022,6/15/2022,Manure,BM,1,W 111,1,8,10,1
2022,6/15/2022,Manure,BM,1,W 112,1,5,10,1
2022,6/15/2022,Manure,IM,1,W 113,1,5,13,1.3
2022,6/15/2022,Manure,IM,1,W 114,1,7,10.5,1.05
2022,6/15/2022,Manure,IM,1,W 221,1,10,8.5,0.85
2022,6/15/2022,Manure,IM,1,W 222,1,17,13,1.3
2022,6/15/2022,Manure,BM,1,W 223,1,11,11,1.1
2022,6/15/2022,Manure,BM,1,W 224,1,8,8,0.8
2022,6/15/2022,Manure,BM,2,W 311,1,7,10.5,1.05
2022,6/15/2022,Manure,BM,2,W 312,1,3,3,0.3
2022,6/15/2022,Manure,IM,2,W 313,1,6,4.5,0.45
2022,6/15/2022,Manure,IM,2,W 314,1,2,2.5,0.25
2022,6/15/2022,Manure,IM,2,W 321,1,9,9,0.9
2022,6/15/2022,Manure,IM,2,W 322,1,7,5.5,0.55
2022,6/15/2022,Manure,BM,2,W 323,1,7,9,0.9
2022,6/15/2022,Manure,BM,2,W 324,1,3,5.5,0.55
2022,6/15/2022,Manure,BM,3,W 551,1,1,7,0.7
2022,6/15/2022,Manure,BM,3,W 552,1,5,10,1
2022,6/15/2022,Manure,IM,3,W 553,1,10,15,1.5
2022,6/15/2022,Manure,IM,3,W 554,1,7,8,0.8
2022,6/15/2022,Manure,BM,3,W 661,1,1,10,1
2022,6/15/2022,Manure,BM,3,W 662,1,4,3.5,0.35
2022,6/15/2022,Manure,IM,3,W 663,1,0,2,0.2
2022,6/15/2022,Manure,IM,3,W 664,1,1,3.5,0.35
2022,6/15/2022,Manure,IM,4,E 341,1,5,4,0.4
2022,6/15/2022,Manure,IM,4,E 342,1,0,2,0.2
2022,6/15/2022,Manure,BM,4,E 343,1,9,5.5,0.55
2022,6/15/2022,Manure,BM,4,E 344,1,1,3.5,0.35
2022,6/15/2022,Manure,BM,4,E 351,1,19,13.5,1.35
2022,6/15/2022,Manure,BM,4,E 352,1,42,29.5,2.95
2022,6/15/2022,Manure,IM,4,E 353,1,25,16.5,1.65
2022,6/15/2022,Manure,IM,4,E 354,1,20,14,1.4
2022,6/28/2022,Manure,BM,1,W 111,1,6,7.5,0.75
2022,6/28/2022,Manure,BM,1,W 112,1,4,6.5,0.65
2022,6/28/2022,Manure,IM,1,W 113,1,3,9,0.9
2022,6/28/2022,Manure,IM,1,W 114,1,18,14.5,1.45
2022,6/28/2022,Manure,IM,1,W 221,1,2,3.5,0.35
2022,6/28/2022,Manure,IM,1,W 222,1,2,3,0.3
2022,6/28/2022,Manure,BM,1,W 223,1,1,2,0.2
2022,6/28/2022,Manure,BM,1,W 224,1,4,3,0.3
2022,6/28/2022,Manure,BM,2,W 311,1,0,0,0
2022,6/28/2022,Manure,BM,2,W 312,1,1,1.5,0.15
2022,6/28/2022,Manure,IM,2,W 313,1,0,0,0
2022,6/28/2022,Manure,IM,2,W 314,1,4,2,0.2
2022,6/28/2022,Manure,IM,2,W 321,1,1,0.5,0.05
2022,6/28/2022,Manure,IM,2,W 322,1,2,1.5,0.15
2022,6/28/2022,Manure,BM,2,W 323,1,1,1,0.1
2022,6/28/2022,Manure,BM,2,W 324,1,0,1,0.1
2022,6/28/2022,Manure,BM,3,W 551,1,2,6,0.6
2022,6/28/2022,Manure,BM,3,W 552,1,8,6.5,0.65
2022,6/28/2022,Manure,IM,3,W 553,1,0,4.5,0.45
2022,6/28/2022,Manure,IM,3,W 554,1,11,7.5,0.75
2022,6/28/2022,Manure,BM,3,W 661,1,0,0,0
2022,6/28/2022,Manure,BM,3,W 662,1,0,0,0
2022,6/28/2022,Manure,IM,3,W 663,1,0,0.5,0.05
2022,6/28/2022,Manure,IM,3,W 664,1,0,2,0.2
2022,6/28/2022,Manure,IM,4,E 341,1,0,0.5,0.05
2022,6/28/2022,Manure,IM,4,E 342,1,0,0.5,0.05
2022,6/28/2022,Manure,BM,4,E 343,1,1,1,0.1
2022,6/28/2022,Manure,BM,4,E 344,1,0,0.5,0.05
2022,6/28/2022,Manure,BM,4,E 351,1,6,4.5,0.45
2022,6/28/2022,Manure,BM,4,E 352,1,7,7,0.7
2022,6/28/2022,Manure,IM,4,E 353,1,11,9.5,0.95
2022,6/28/2022,Manure,IM,4,E 354,1,1,3.5,0.35
2022,7/7/2022,Manure,BM,1,W 111,1,N/A,N/A,N/A
2022,7/7/2022,Manure,BM,1,W 112,1,N/A,N/A,N/A
2022,7/7/2022,Manure,IM,1,W 113,1,N/A,N/A,N/A
2022,7/7/2022,Manure,IM,1,W 114,1,N/A,N/A,N/A
2022,7/7/2022,Manure,IM,1,W 221,1,N/A,N/A,N/A
2022,7/7/2022,Manure,IM,1,W 222,1,N/A,N/A,N/A
2022,7/7/2022,Manure,BM,1,W 223,1,N/A,N/A,N/A
2022,7/7/2022,Manure,BM,1,W 224,1,N/A,N/A,N/A
2022,7/7/2022,Manure,BM,2,W 311,1,N/A,N/A,N/A
2022,7/7/2022,Manure,BM,2,W 312,1,N/A,N/A,N/A
2022,7/7/2022,Manure,IM,2,W 313,1,N/A,N/A,N/A
2022,7/7/2022,Manure,IM,2,W 314,1,N/A,N/A,N/A
2022,7/7/2022,Manure,IM,2,W 321,1,N/A,N/A,N/A
2022,7/7/2022,Manure,IM,2,W 322,1,N/A,N/A,N/A
2022,7/7/2022,Manure,BM,2,W 323,1,N/A,N/A,N/A
2022,7/7/2022,Manure,BM,2,W 324,1,N/A,N/A,N/A
2022,7/7/2022,Manure,BM,3,W 551,1,N/A,N/A,N/A
2022,7/7/2022,Manure,BM,3,W 552,1,N/A,N/A,N/A
2022,7/7/2022,Manure,IM,3,W 553,1,N/A,N/A,N/A
2022,7/7/2022,Manure,IM,3,W 554,1,N/A,N/A,N/A
2022,7/7/2022,Manure,BM,3,W 661,1,N/A,N/A,N/A
2022,7/7/2022,Manure,BM,3,W 662,1,N/A,N/A,N/A
2022,7/7/2022,Manure,IM,3,W 663,1,N/A,N/A,N/A
2022,7/7/2022,Manure,IM,3,W 664,1,N/A,N/A,N/A
2022,7/7/2022,Manure,IM,4,E 341,1,N/A,N/A,N/A
2022,7/7/2022,Manure,IM,4,E 342,1,N/A,N/A,N/A
2022,7/7/2022,Manure,BM,4,E 343,1,N/A,N/A,N/A
2022,7/7/2022,Manure,BM,4,E 344,1,N/A,N/A,N/A
2022,7/7/2022,Manure,BM,4,E 351,1,N/A,N/A,N/A
2022,7/7/2022,Manure,BM,4,E 352,1,N/A,N/A,N/A
2022,7/7/2022,Manure,IM,4,E 353,1,N/A,N/A,N/A
2022,7/7/2022,Manure,IM,4,E 354,1,N/A,N/A,N/A
2022,7/14/2022,Manure,BM,1,W 111,1,0,0,0
2022,7/14/2022,Manure,BM,1,W 112,1,2,4,0.4
2022,7/14/2022,Manure,IM,1,W 113,1,2,1,0.1
2022,7/14/2022,Manure,IM,1,W 114,1,1,0.5,0.05
2022,7/14/2022,Manure,IM,1,W 221,1,4,3.5,0.35
2022,7/14/2022,Manure,IM,1,W 222,1,2,2,0.2
2022,7/14/2022,Manure,BM,1,W 223,1,2,1.5,0.15
2022,7/14/2022,Manure,BM,1,W 224,1,2,2.5,0.25
2022,7/14/2022,Manure,BM,2,W 311,1,3,2.5,0.25
2022,7/14/2022,Manure,BM,2,W 312,1,1,1.5,0.15
2022,7/14/2022,Manure,IM,2,W 313,1,3,3,0.3
2022,7/14/2022,Manure,IM,2,W 314,1,0,0,0
2022,7/14/2022,Manure,IM,2,W 321,1,0,0,0
2022,7/14/2022,Manure,IM,2,W 322,1,0,0,0
2022,7/14/2022,Manure,BM,2,W 323,1,0,0,0
2022,7/14/2022,Manure,BM,2,W 324,1,1,0.5,0.05
2022,7/14/2022,Manure,BM,3,W 551,1,0,0.5,0.05
2022,7/14/2022,Manure,BM,3,W 552,1,1,0.5,0.05
2022,7/14/2022,Manure,IM,3,W 553,1,0,0,0
2022,7/14/2022,Manure,IM,3,W 554,1,0,0,0
2022,7/14/2022,Manure,BM,3,W 661,1,2,1.5,0.15
2022,7/14/2022,Manure,BM,3,W 662,1,2,2,0.2
2022,7/14/2022,Manure,IM,3,W 663,1,1,0.5,0.05
2022,7/14/2022,Manure,IM,3,W 664,1,0,0.5,0.05
2022,7/14/2022,Manure,IM,4,E 341,1,0,2,0.2
2022,7/14/2022,Manure,IM,4,E 342,1,1,0.5,0.05
2022,7/14/2022,Manure,BM,4,E 343,1,2,1,0.1
2022,7/14/2022,Manure,BM,4,E 344,1,2,1.5,0.15
2022,7/14/2022,Manure,BM,4,E 351,1,0,0,0
2022,7/14/2022,Manure,BM,4,E 352,1,0,0,0
2022,7/14/2022,Manure,IM,4,E 353,1,1,0.5,0.05
2022,7/14/2022,Manure,IM,4,E 354,1,0,0,0
2022,7/20/2022,Manure,BM,1,W 111,1,0,0.5,0.05
2022,7/20/2022,Manure,BM,1,W 112,1,0,0,0
2022,7/20/2022,Manure,IM,1,W 113,1,0,0,0
2022,7/20/2022,Manure,IM,1,W 114,1,0,0,0
2022,7/20/2022,Manure,IM,1,W 221,1,2,1,0.1
2022,7/20/2022,Manure,IM,1,W 222,1,0,0.5,0.05
2022,7/20/2022,Manure,BM,1,W 223,1,0,0,0
2022,7/20/2022,Manure,BM,1,W 224,1,0,0,0
2022,7/20/2022,Manure,BM,2,W 311,1,1,1.5,0.15
2022,7/20/2022,Manure,BM,2,W 312,1,4,2.5,0.25
2022,7/20/2022,Manure,IM,2,W 313,1,2,1,0.1
2022,7/20/2022,Manure,IM,2,W 314,1,0,0.5,0.05
2022,7/20/2022,Manure,IM,2,W 321,1,0,0,0
2022,7/20/2022,Manure,IM,2,W 322,1,0,0,0
2022,7/20/2022,Manure,BM,2,W 323,1,0,0,0
2022,7/20/2022,Manure,BM,2,W 324,1,2,3,0.3
2022,7/20/2022,Manure,BM,3,W 551,1,1,0.5,0.05
2022,7/20/2022,Manure,BM,3,W 552,1,1,0.5,0.05
2022,7/20/2022,Manure,IM,3,W 553,1,0,0,0
2022,7/20/2022,Manure,IM,3,W 554,1,0,0,0
2022,7/20/2022,Manure,BM,3,W 661,1,1,1,0.1
2022,7/20/2022,Manure,BM,3,W 662,1,1,1,0.1
2022,7/20/2022,Manure,IM,3,W 663,1,1,1,0.1
2022,7/20/2022,Manure,IM,3,W 664,1,0,0.5,0.05
2022,7/20/2022,Manure,IM,4,E 341,1,2,1,0.1
2022,7/20/2022,Manure,IM,4,E 342,1,0,0,0
2022,7/20/2022,Manure,BM,4,E 343,1,2,1.5,0.15
2022,7/20/2022,Manure,BM,4,E 344,1,0,3,0.3
2022,7/20/2022,Manure,BM,4,E 351,1,2,1,0.1
2022,7/20/2022,Manure,BM,4,E 352,1,1,1,0.1
2022,7/20/2022,Manure,IM,4,E 353,1,1,0.5,0.05
2022,7/20/2022,Manure,IM,4,E 354,1,0,1,0.1
2022,8/2/2022,Manure,BM,1,W 111,1,0,0.5,0.05
2022,8/2/2022,Manure,BM,1,W 112,1,0,0,0
2022,8/2/2022,Manure,IM,1,W 113,1,0,0.5,0.05
2022,8/2/2022,Manure,IM,1,W 114,1,0,0,0
2022,8/2/2022,Manure,IM,1,W 221,1,0,0.5,0.05
2022,8/2/2022,Manure,IM,1,W 222,1,1,0.5,0.05
2022,8/2/2022,Manure,BM,1,W 223,1,0,0.5,0.05
2022,8/2/2022,Manure,BM,1,W 224,1,0,0,0
2022,8/2/2022,Manure,BM,2,W 311,1,3,2.5,0.25
2022,8/2/2022,Manure,BM,2,W 312,1,0,0.5,0.05
2022,8/2/2022,Manure,IM,2,W 313,1,3,2,0.2
2022,8/2/2022,Manure,IM,2,W 314,1,0,0,0
2022,8/2/2022,Manure,IM,2,W 321,1,1,0.5,0.05
2022,8/2/2022,Manure,IM,2,W 322,1,0,0,0
2022,8/2/2022,Manure,BM,2,W 323,1,0,0.5,0.05
2022,8/2/2022,Manure,BM,2,W 324,1,0,0,0
2022,8/2/2022,Manure,BM,3,W 551,1,0,0,0
2022,8/2/2022,Manure,BM,3,W 552,1,0,0,0
2022,8/2/2022,Manure,IM,3,W 553,1,0,0,0
2022,8/2/2022,Manure,IM,3,W 554,1,1,0.5,0.05
2022,8/2/2022,Manure,BM,3,W 661,1,0,0,0
2022,8/2/2022,Manure,BM,3,W 662,1,1,0.5,0.05
2022,8/2/2022,Manure,IM,3,W 663,1,0,0,0
2022,8/2/2022,Manure,IM,3,W 664,1,0,0.5,0.05
2022,8/2/2022,Manure,IM,4,E 341,1,0,0,0
2022,8/2/2022,Manure,IM,4,E 342,1,0,0,0
2022,8/2/2022,Manure,BM,4,E 343,1,0,0,0
2022,8/2/2022,Manure,BM,4,E 344,1,0,0,0
2022,8/2/2022,Manure,BM,4,E 351,1,0,0,0
2022,8/2/2022,Manure,BM,4,E 352,1,0,0,0
2022,8/2/2022,Manure,IM,4,E 353,1,0,0,0
2022,8/2/2022,Manure,IM,4,E 354,1,0,0,0
2022,8/10/2022,Manure,BM,1,W 111,1,4,2,0.2
2022,8/10/2022,Manure,BM,1,W 112,1,7,6,0.6
2022,8/10/2022,Manure,IM,1,W 113,1,5,3,0.3
2022,8/10/2022,Manure,IM,1,W 114,1,2,2,0.2
2022,8/10/2022,Manure,IM,1,W 221,1,1,2.5,0.25
2022,8/10/2022,Manure,IM,1,W 222,1,4,3.5,0.35
2022,8/10/2022,Manure,BM,1,W 223,1,1,1.5,0.15
2022,8/10/2022,Manure,BM,1,W 224,1,0,0.5,0.05
2022,8/10/2022,Manure,BM,2,W 311,1,5,5,0.5
2022,8/10/2022,Manure,BM,2,W 312,1,2,1.5,0.15
2022,8/10/2022,Manure,IM,2,W 313,1,1,3.5,0.35
2022,8/10/2022,Manure,IM,2,W 314,1,6,3,0.3
2022,8/10/2022,Manure,IM,2,W 321,1,5,4,0.4
2022,8/10/2022,Manure,IM,2,W 322,1,7,5.5,0.55
2022,8/10/2022,Manure,BM,2,W 323,1,6,3.5,0.35
2022,8/10/2022,Manure,BM,2,W 324,1,6,6,0.6
2022,8/10/2022,Manure,BM,3,W 551,1,0,0,0
2022,8/10/2022,Manure,BM,3,W 552,1,0,0.5,0.05
2022,8/10/2022,Manure,IM,3,W 553,1,1,0.5,0.05
2022,8/10/2022,Manure,IM,3,W 554,1,0,0,0
2022,8/10/2022,Manure,BM,3,W 661,1,0,0,0
2022,8/10/2022,Manure,BM,3,W 662,1,1,0.5,0.05
2022,8/10/2022,Manure,IM,3,W 663,1,0,1,0.1
2022,8/10/2022,Manure,IM,3,W 664,1,1,1.5,0.15
2022,8/10/2022,Manure,IM,4,E 341,1,1,0.5,0.05
2022,8/10/2022,Manure,IM,4,E 342,1,0,0,0
2022,8/10/2022,Manure,BM,4,E 343,1,5,4,0.4
2022,8/10/2022,Manure,BM,4,E 344,1,1,1,0.1
2022,8/10/2022,Manure,BM,4,E 351,1,0,0.5,0.05
2022,8/10/2022,Manure,BM,4,E 352,1,0,0.5,0.05
2022,8/10/2022,Manure,IM,4,E 353,1,4,2,0.2
2022,8/10/2022,Manure,IM,4,E 354,1,1,1,0.1
2022,8/17/2022,Manure,BM,1,W 111,1,1,2,0.2
2022,8/17/2022,Manure,BM,1,W 112,1,1,0.5,0.05
2022,8/17/2022,Manure,IM,1,W 113,1,0,0.5,0.05
2022,8/17/2022,Manure,IM,1,W 114,1,0,0,0
2022,8/17/2022,Manure,IM,1,W 221,1,0,0,0
2022,8/17/2022,Manure,IM,1,W 222,1,1,2,0.2
2022,8/17/2022,Manure,BM,1,W 223,1,1,1.5,0.15
2022,8/17/2022,Manure,BM,1,W 224,1,1,1,0.1
2022,8/17/2022,Manure,BM,2,W 311,1,0,1.5,0.15
2022,8/17/2022,Manure,BM,2,W 312,1,3,1.5,0.15
2022,8/17/2022,Manure,IM,2,W 313,1,2,1,0.1
2022,8/17/2022,Manure,IM,2,W 314,1,0,0,0
2022,8/17/2022,Manure,IM,2,W 321,1,0,0.5,0.05
2022,8/17/2022,Manure,IM,2,W 322,1,0,0,0
2022,8/17/2022,Manure,BM,2,W 323,1,1,0.5,0.05
2022,8/17/2022,Manure,BM,2,W 324,1,1,1,0.1
2022,8/17/2022,Manure,BM,3,W 551,1,0,0,0
2022,8/17/2022,Manure,BM,3,W 552,1,1,2,0.2
2022,8/17/2022,Manure,IM,3,W 553,1,1,0.5,0.05
2022,8/17/2022,Manure,IM,3,W 554,1,0,0.5,0.05
2022,8/17/2022,Manure,BM,3,W 661,1,0,0,0
2022,8/17/2022,Manure,BM,3,W 662,1,2,1.5,0.15
2022,8/17/2022,Manure,IM,3,W 663,1,1,2.5,0.25
2022,8/17/2022,Manure,IM,3,W 664,1,1,3,0.3
2022,8/17/2022,Manure,IM,4,E 341,1,2,1,0.1
2022,8/17/2022,Manure,IM,4,E 342,1,2,1.5,0.15
2022,8/17/2022,Manure,BM,4,E 343,1,0,1.5,0.15
2022,8/17/2022,Manure,BM,4,E 344,1,2,1.5,0.15
2022,8/17/2022,Manure,BM,4,E 351,1,0,0,0
2022,8/17/2022,Manure,BM,4,E 352,1,0,0.5,0.05
2022,8/17/2022,Manure,IM,4,E 353,1,0,1,0.1
2022,8/17/2022,Manure,IM,4,E 354,1,1,1,0.1
2022,8/29/2022,Manure,BM,1,W 111,1,0,0,0
2022,8/29/2022,Manure,BM,1,W 112,1,0,0,0
2022,8/29/2022,Manure,IM,1,W 113,1,0,0,0
2022,8/29/2022,Manure,IM,1,W 114,1,0,0,0
2022,8/29/2022,Manure,IM,1,W 221,1,0,0.5,0.05
2022,8/29/2022,Manure,IM,1,W 222,1,0,0,0
2022,8/29/2022,Manure,BM,1,W 223,1,2,1.5,0.15
2022,8/29/2022,Manure,BM,1,W 224,1,0,0,0
2022,8/29/2022,Manure,BM,2,W 311,1,0,0,0
2022,8/29/2022,Manure,BM,2,W 312,1,0,0,0
2022,8/29/2022,Manure,IM,2,W 313,1,0,0,0
2022,8/29/2022,Manure,IM,2,W 314,1,0,0,0
2022,8/29/2022,Manure,IM,2,W 321,1,0,0,0
2022,8/29/2022,Manure,IM,2,W 322,1,0,0,0
2022,8/29/2022,Manure,BM,2,W 323,1,0,0.5,0.05
2022,8/29/2022,Manure,BM,2,W 324,1,0,0,0
2022,8/29/2022,Manure,BM,3,W 551,1,0,0,0
2022,8/29/2022,Manure,BM,3,W 552,1,0,0,0
2022,8/29/2022,Manure,IM,3,W 553,1,0,0,0
2022,8/29/2022,Manure,IM,3,W 554,1,0,0.5,0.05
2022,8/29/2022,Manure,BM,3,W 661,1,0,0.5,0.05
2022,8/29/2022,Manure,BM,3,W 662,1,0,0,0
2022,8/29/2022,Manure,IM,3,W 663,1,0,0.5,0.05
2022,8/29/2022,Manure,IM,3,W 664,1,0,0,0
2022,8/29/2022,Manure,IM,4,E 341,1,0,0.5,0.05
2022,8/29/2022,Manure,IM,4,E 342,1,0,1,0.1
2022,8/29/2022,Manure,BM,4,E 343,1,0,0,0
2022,8/29/2022,Manure,BM,4,E 344,1,3,1.5,0.15
2022,8/29/2022,Manure,BM,4,E 351,1,0,0,0
2022,8/29/2022,Manure,BM,4,E 352,1,0,0,0
2022,8/29/2022,Manure,IM,4,E 353,1,0,0,0
2022,8/29/2022,Manure,IM,4,E 354,1,0,0,0
2022,9/16/2022,Manure,BM,1,W 111,1,0,0,0
2022,9/16/2022,Manure,BM,1,W 112,1,0,0,0
2022,9/16/2022,Manure,IM,1,W 113,1,0,0,0
2022,9/16/2022,Manure,IM,1,W 114,1,0,0,0
2022,9/16/2022,Manure,IM,1,W 221,1,0,0,0
2022,9/16/2022,Manure,IM,1,W 222,1,0,0,0
2022,9/16/2022,Manure,BM,1,W 223,1,1,0.5,0.05
2022,9/16/2022,Manure,BM,1,W 224,1,0,0,0
2022,9/16/2022,Manure,BM,2,W 311,1,0,0,0
2022,9/16/2022,Manure,BM,2,W 312,1,0,0,0
2022,9/16/2022,Manure,IM,2,W 313,1,2,1,0.1
2022,9/16/2022,Manure,IM,2,W 314,1,0,0,0
2022,9/16/2022,Manure,IM,2,W 321,1,0,0,0
2022,9/16/2022,Manure,IM,2,W 322,1,0,0,0
2022,9/16/2022,Manure,BM,2,W 323,1,0,0,0
2022,9/16/2022,Manure,BM,2,W 324,1,0,0,0
2022,9/16/2022,Manure,BM,3,W 551,1,0,0.5,0.05
2022,9/16/2022,Manure,BM,3,W 552,1,0,0,0
2022,9/16/2022,Manure,IM,3,W 553,1,0,0,0
2022,9/16/2022,Manure,IM,3,W 554,1,0,0,0
2022,9/16/2022,Manure,BM,3,W 661,1,0,0,0
2022,9/16/2022,Manure,BM,3,W 662,1,0,1,0.1
2022,9/16/2022,Manure,IM,3,W 663,1,0,0,0
2022,9/16/2022,Manure,IM,3,W 664,1,0,0,0
2022,9/16/2022,Manure,IM,4,E 341,1,1,1,0.1
2022,9/16/2022,Manure,IM,4,E 342,1,0,0,0
2022,9/16/2022,Manure,BM,4,E 343,1,0,0.5,0.05
2022,9/16/2022,Manure,BM,4,E 344,1,0,0,0
2022,9/16/2022,Manure,BM,4,E 351,1,1,0.5,0.05
2022,9/16/2022,Manure,BM,4,E 352,1,0,0,0
2022,9/16/2022,Manure,IM,4,E 353,1,0,0.5,0.05
2022,9/16/2022,Manure,IM,4,E 354,1,0,0,0
